experiment_id,researcher,site
LMEX0000000661,Gloria Pryhuber,University of Rochester Medical Center
LMAN0000000055,Gloria Pryhuber,University of Rochester Medical Center
LMAN0000000096,Gloria Pryhuber,University of Rochester Medical Center
LMAN0000000059,Gloria Pryhuber,University of Rochester Medical Center
LMEX0000000295,Gloria Pryhuber,University of Rochester Medical Center
LMEX0000000294,Gloria Pryhuber,University of Rochester Medical Center
LMEX0000000293,Jeffrey A. Whitsett,Cincinnati Children's Hospital Medical Center
LMAN0000000070,Jeffrey A. Whitsett,Cincinnati Children's Hospital Medical Center
LMEX0000000573,Jeffrey A. Whitsett,Cincinnati Children's Hospital Medical Center
LMEX0000000592,Jeffrey A. Whitsett,Cincinnati Children's Hospital Medical Center
LMEX0000000593,Jeffrey A. Whitsett,Cincinnati Children's Hospital Medical Center
LMEX0000000594,Jeffrey A. Whitsett,Cincinnati Children's Hospital Medical Center
LMEX0000000598,Jeffrey A. Whitsett,Cincinnati Children's Hospital Medical Center
LMEX0000000599,Jeffrey A. Whitsett,Cincinnati Children's Hospital Medical Center
LMEX0000000600,Jeffrey A. Whitsett,Cincinnati Children's Hospital Medical Center
LMEX0000000623,Jeffrey A. Whitsett,Cincinnati Children's Hospital Medical Center
LMEX0000000625,Jeffrey A. Whitsett,Cincinnati Children's Hospital Medical Center
LMEX0000000264,Jeffrey A. Whitsett,Cincinnati Children's Hospital Medical Center
LMAN0000000055,Jeffrey A. Whitsett,Cincinnati Children's Hospital Medical Center
LMEX0000000001,Jeffrey A. Whitsett,Cincinnati Children's Hospital Medical Center
LMEX0000000080,Jeffrey A. Whitsett,Cincinnati Children's Hospital Medical Center
LMEX0000000002,Jeffrey A. Whitsett,Cincinnati Children's Hospital Medical Center
LMEX0000000003,Jeffrey A. Whitsett,Cincinnati Children's Hospital Medical Center
LMEX0000000004,Jeffrey A. Whitsett,Cincinnati Children's Hospital Medical Center
LMEX0000000005,Jeffrey A. Whitsett,Cincinnati Children's Hospital Medical Center
LMEX0000000006,Jeffrey A. Whitsett,Cincinnati Children's Hospital Medical Center
LMEX0000000007,Jeffrey A. Whitsett,Cincinnati Children's Hospital Medical Center
LMEX0000000008,Jeffrey A. Whitsett,Cincinnati Children's Hospital Medical Center
LMEX0000000009,Jeffrey A. Whitsett,Cincinnati Children's Hospital Medical Center
LMEX0000000014,Jeffrey A. Whitsett,Cincinnati Children's Hospital Medical Center
LMEX0000000015,Jeffrey A. Whitsett,Cincinnati Children's Hospital Medical Center
LMEX0000000016,Jeffrey A. Whitsett,Cincinnati Children's Hospital Medical Center
LMEX0000000017,Jeffrey A. Whitsett,Cincinnati Children's Hospital Medical Center
LMEX0000000018,Jeffrey A. Whitsett,Cincinnati Children's Hospital Medical Center
LMEX0000000019,Jeffrey A. Whitsett,Cincinnati Children's Hospital Medical Center
LMEX0000000020,Jeffrey A. Whitsett,Cincinnati Children's Hospital Medical Center
LMEX0000000021,Jeffrey A. Whitsett,Cincinnati Children's Hospital Medical Center
LMEX0000000024,Jeffrey A. Whitsett,Cincinnati Children's Hospital Medical Center
LMEX0000000025,Jeffrey A. Whitsett,Cincinnati Children's Hospital Medical Center
LMEX0000000026,Jeffrey A. Whitsett,Cincinnati Children's Hospital Medical Center
LMEX0000000027,Jeffrey A. Whitsett,Cincinnati Children's Hospital Medical Center
LMEX0000000028,Jeffrey A. Whitsett,Cincinnati Children's Hospital Medical Center
LMEX0000000029,Jeffrey A. Whitsett,Cincinnati Children's Hospital Medical Center
LMEX0000000030,Jeffrey A. Whitsett,Cincinnati Children's Hospital Medical Center
LMEX0000000031,Jeffrey A. Whitsett,Cincinnati Children's Hospital Medical Center
LMEX0000000032,Jeffrey A. Whitsett,Cincinnati Children's Hospital Medical Center
LMEX0000000033,Jeffrey A. Whitsett,Cincinnati Children's Hospital Medical Center
LMEX0000000034,Jeffrey A. Whitsett,Cincinnati Children's Hospital Medical Center
LMEX0000000035,Jeffrey A. Whitsett,Cincinnati Children's Hospital Medical Center
LMEX0000000036,Jeffrey A. Whitsett,Cincinnati Children's Hospital Medical Center
LMEX0000000037,Jeffrey A. Whitsett,Cincinnati Children's Hospital Medical Center
LMEX0000000038,Jeffrey A. Whitsett,Cincinnati Children's Hospital Medical Center
LMEX0000000039,Jeffrey A. Whitsett,Cincinnati Children's Hospital Medical Center
LMEX0000000040,Jeffrey A. Whitsett,Cincinnati Children's Hospital Medical Center
LMEX0000000041,Jeffrey A. Whitsett,Cincinnati Children's Hospital Medical Center
LMEX0000000042,Jeffrey A. Whitsett,Cincinnati Children's Hospital Medical Center
LMEX0000000043,Jeffrey A. Whitsett,Cincinnati Children's Hospital Medical Center
LMEX0000000044,Jeffrey A. Whitsett,Cincinnati Children's Hospital Medical Center
LMEX0000000045,Jeffrey A. Whitsett,Cincinnati Children's Hospital Medical Center
LMEX0000000046,Jeffrey A. Whitsett,Cincinnati Children's Hospital Medical Center
LMEX0000000047,Jeffrey A. Whitsett,Cincinnati Children's Hospital Medical Center
LMEX0000000049,Jeffrey A. Whitsett,Cincinnati Children's Hospital Medical Center
LMEX0000000050,Jeffrey A. Whitsett,Cincinnati Children's Hospital Medical Center
LMEX0000000051,Jeffrey A. Whitsett,Cincinnati Children's Hospital Medical Center
LMEX0000000052,Jeffrey A. Whitsett,Cincinnati Children's Hospital Medical Center
LMEX0000000053,Jeffrey A. Whitsett,Cincinnati Children's Hospital Medical Center
LMEX0000000054,Jeffrey A. Whitsett,Cincinnati Children's Hospital Medical Center
LMEX0000000055,Jeffrey A. Whitsett,Cincinnati Children's Hospital Medical Center
LMEX0000000056,Jeffrey A. Whitsett,Cincinnati Children's Hospital Medical Center
LMEX0000000057,Jeffrey A. Whitsett,Cincinnati Children's Hospital Medical Center
LMEX0000000058,Jeffrey A. Whitsett,Cincinnati Children's Hospital Medical Center
LMEX0000000059,Jeffrey A. Whitsett,Cincinnati Children's Hospital Medical Center
LMEX0000000060,Jeffrey A. Whitsett,Cincinnati Children's Hospital Medical Center
LMEX0000000061,Jeffrey A. Whitsett,Cincinnati Children's Hospital Medical Center
LMEX0000000062,Jeffrey A. Whitsett,Cincinnati Children's Hospital Medical Center
LMEX0000000063,Jeffrey A. Whitsett,Cincinnati Children's Hospital Medical Center
LMEX0000000064,Jeffrey A. Whitsett,Cincinnati Children's Hospital Medical Center
LMEX0000000065,Jeffrey A. Whitsett,Cincinnati Children's Hospital Medical Center
LMEX0000000066,Jeffrey A. Whitsett,Cincinnati Children's Hospital Medical Center
LMEX0000000067,Jeffrey A. Whitsett,Cincinnati Children's Hospital Medical Center
LMEX0000000068,Jeffrey A. Whitsett,Cincinnati Children's Hospital Medical Center
LMEX0000000069,Jeffrey A. Whitsett,Cincinnati Children's Hospital Medical Center
LMEX0000000070,Jeffrey A. Whitsett,Cincinnati Children's Hospital Medical Center
LMEX0000000071,Jeffrey A. Whitsett,Cincinnati Children's Hospital Medical Center
LMEX0000000072,Jeffrey A. Whitsett,Cincinnati Children's Hospital Medical Center
LMEX0000000073,Jeffrey A. Whitsett,Cincinnati Children's Hospital Medical Center
LMAN0000000011,Jeffrey A. Whitsett,Cincinnati Children's Hospital Medical Center
LMAN0000000001,Jeffrey A. Whitsett,Cincinnati Children's Hospital Medical Center
LMEX0000000022,Jeffrey A. Whitsett,Cincinnati Children's Hospital Medical Center
LMEX0000000023,Jeffrey A. Whitsett,Cincinnati Children's Hospital Medical Center
LMEX0000000048,Jeffrey A. Whitsett,Cincinnati Children's Hospital Medical Center
LMEX0000000572,Jeffrey A. Whitsett,Cincinnati Children's Hospital Medical Center
LMEX0000000574,Jeffrey A. Whitsett,Cincinnati Children's Hospital Medical Center
LMEX0000000575,Jeffrey A. Whitsett,Cincinnati Children's Hospital Medical Center
LMEX0000000576,Jeffrey A. Whitsett,Cincinnati Children's Hospital Medical Center
LMEX0000000577,Jeffrey A. Whitsett,Cincinnati Children's Hospital Medical Center
LMEX0000000578,Jeffrey A. Whitsett,Cincinnati Children's Hospital Medical Center
LMEX0000000579,Jeffrey A. Whitsett,Cincinnati Children's Hospital Medical Center
LMEX0000000580,Jeffrey A. Whitsett,Cincinnati Children's Hospital Medical Center
LMEX0000000581,Jeffrey A. Whitsett,Cincinnati Children's Hospital Medical Center
LMEX0000000582,Jeffrey A. Whitsett,Cincinnati Children's Hospital Medical Center
LMEX0000000583,Jeffrey A. Whitsett,Cincinnati Children's Hospital Medical Center
LMEX0000000584,Jeffrey A. Whitsett,Cincinnati Children's Hospital Medical Center
LMEX0000000585,Jeffrey A. Whitsett,Cincinnati Children's Hospital Medical Center
LMEX0000000586,Jeffrey A. Whitsett,Cincinnati Children's Hospital Medical Center
LMEX0000000587,Jeffrey A. Whitsett,Cincinnati Children's Hospital Medical Center
LMEX0000000588,Jeffrey A. Whitsett,Cincinnati Children's Hospital Medical Center
LMEX0000000589,Jeffrey A. Whitsett,Cincinnati Children's Hospital Medical Center
LMEX0000000590,Jeffrey A. Whitsett,Cincinnati Children's Hospital Medical Center
LMEX0000000591,Jeffrey A. Whitsett,Cincinnati Children's Hospital Medical Center
LMEX0000000595,Jeffrey A. Whitsett,Cincinnati Children's Hospital Medical Center
LMEX0000000596,Jeffrey A. Whitsett,Cincinnati Children's Hospital Medical Center
LMEX0000000597,Jeffrey A. Whitsett,Cincinnati Children's Hospital Medical Center
LMEX0000000601,Jeffrey A. Whitsett,Cincinnati Children's Hospital Medical Center
LMEX0000000602,Jeffrey A. Whitsett,Cincinnati Children's Hospital Medical Center
LMEX0000000603,Jeffrey A. Whitsett,Cincinnati Children's Hospital Medical Center
LMEX0000000604,Jeffrey A. Whitsett,Cincinnati Children's Hospital Medical Center
LMEX0000000605,Jeffrey A. Whitsett,Cincinnati Children's Hospital Medical Center
LMEX0000000606,Jeffrey A. Whitsett,Cincinnati Children's Hospital Medical Center
LMEX0000000607,Jeffrey A. Whitsett,Cincinnati Children's Hospital Medical Center
LMEX0000000608,Jeffrey A. Whitsett,Cincinnati Children's Hospital Medical Center
LMEX0000000609,Jeffrey A. Whitsett,Cincinnati Children's Hospital Medical Center
LMEX0000000610,Jeffrey A. Whitsett,Cincinnati Children's Hospital Medical Center
LMEX0000000611,Jeffrey A. Whitsett,Cincinnati Children's Hospital Medical Center
LMEX0000000612,Jeffrey A. Whitsett,Cincinnati Children's Hospital Medical Center
LMEX0000000613,Jeffrey A. Whitsett,Cincinnati Children's Hospital Medical Center
LMEX0000000614,Jeffrey A. Whitsett,Cincinnati Children's Hospital Medical Center
LMEX0000000615,Jeffrey A. Whitsett,Cincinnati Children's Hospital Medical Center
LMEX0000000616,Jeffrey A. Whitsett,Cincinnati Children's Hospital Medical Center
LMEX0000000617,Jeffrey A. Whitsett,Cincinnati Children's Hospital Medical Center
LMEX0000000618,Jeffrey A. Whitsett,Cincinnati Children's Hospital Medical Center
LMEX0000000619,Jeffrey A. Whitsett,Cincinnati Children's Hospital Medical Center
LMEX0000000620,Jeffrey A. Whitsett,Cincinnati Children's Hospital Medical Center
LMEX0000000621,Jeffrey A. Whitsett,Cincinnati Children's Hospital Medical Center
LMEX0000000622,Jeffrey A. Whitsett,Cincinnati Children's Hospital Medical Center
LMEX0000000624,Jeffrey A. Whitsett,Cincinnati Children's Hospital Medical Center
LMEX0000000626,Jeffrey A. Whitsett,Cincinnati Children's Hospital Medical Center
LMEX0000000627,Jeffrey A. Whitsett,Cincinnati Children's Hospital Medical Center
LMEX0000000628,Jeffrey A. Whitsett,Cincinnati Children's Hospital Medical Center
LMAN0000000036,Jeffrey A. Whitsett,Cincinnati Children's Hospital Medical Center
LMAN0000000037,Jeffrey A. Whitsett,Cincinnati Children's Hospital Medical Center
LMEX0000000228,Jeffrey A. Whitsett,Cincinnati Children's Hospital Medical Center
LMEX0000000229,Jeffrey A. Whitsett,Cincinnati Children's Hospital Medical Center
LMEX0000000230,Jeffrey A. Whitsett,Cincinnati Children's Hospital Medical Center
LMEX0000000231,Jeffrey A. Whitsett,Cincinnati Children's Hospital Medical Center
LMEX0000000232,Jeffrey A. Whitsett,Cincinnati Children's Hospital Medical Center
LMEX0000000233,Jeffrey A. Whitsett,Cincinnati Children's Hospital Medical Center
LMEX0000000234,Jeffrey A. Whitsett,Cincinnati Children's Hospital Medical Center
LMEX0000000235,Jeffrey A. Whitsett,Cincinnati Children's Hospital Medical Center
LMEX0000000236,Jeffrey A. Whitsett,Cincinnati Children's Hospital Medical Center
LMEX0000000237,Jeffrey A. Whitsett,Cincinnati Children's Hospital Medical Center
LMEX0000000238,Jeffrey A. Whitsett,Cincinnati Children's Hospital Medical Center
LMEX0000000239,Jeffrey A. Whitsett,Cincinnati Children's Hospital Medical Center
LMEX0000000240,Jeffrey A. Whitsett,Cincinnati Children's Hospital Medical Center
LMEX0000000241,Jeffrey A. Whitsett,Cincinnati Children's Hospital Medical Center
LMEX0000000242,Jeffrey A. Whitsett,Cincinnati Children's Hospital Medical Center
LMEX0000000243,Jeffrey A. Whitsett,Cincinnati Children's Hospital Medical Center
LMEX0000000244,Jeffrey A. Whitsett,Cincinnati Children's Hospital Medical Center
LMEX0000000245,Jeffrey A. Whitsett,Cincinnati Children's Hospital Medical Center
LMEX0000000246,Jeffrey A. Whitsett,Cincinnati Children's Hospital Medical Center
LMEX0000000247,Jeffrey A. Whitsett,Cincinnati Children's Hospital Medical Center
LMEX0000000248,Jeffrey A. Whitsett,Cincinnati Children's Hospital Medical Center
LMEX0000000249,Jeffrey A. Whitsett,Cincinnati Children's Hospital Medical Center
LMEX0000000250,Jeffrey A. Whitsett,Cincinnati Children's Hospital Medical Center
LMEX0000000251,Jeffrey A. Whitsett,Cincinnati Children's Hospital Medical Center
LMEX0000000252,Jeffrey A. Whitsett,Cincinnati Children's Hospital Medical Center
LMEX0000000253,Jeffrey A. Whitsett,Cincinnati Children's Hospital Medical Center
LMEX0000000254,Jeffrey A. Whitsett,Cincinnati Children's Hospital Medical Center
LMEX0000000255,Jeffrey A. Whitsett,Cincinnati Children's Hospital Medical Center
LMEX0000000256,Jeffrey A. Whitsett,Cincinnati Children's Hospital Medical Center
LMEX0000000257,Jeffrey A. Whitsett,Cincinnati Children's Hospital Medical Center
LMEX0000000258,Jeffrey A. Whitsett,Cincinnati Children's Hospital Medical Center
LMEX0000000259,Jeffrey A. Whitsett,Cincinnati Children's Hospital Medical Center
LMEX0000000260,Jeffrey A. Whitsett,Cincinnati Children's Hospital Medical Center
LMEX0000000261,Jeffrey A. Whitsett,Cincinnati Children's Hospital Medical Center
LMEX0000000262,Jeffrey A. Whitsett,Cincinnati Children's Hospital Medical Center
LMEX0000000263,Jeffrey A. Whitsett,Cincinnati Children's Hospital Medical Center
LMEX0000000265,Jeffrey A. Whitsett,Cincinnati Children's Hospital Medical Center
LMEX0000000266,Jeffrey A. Whitsett,Cincinnati Children's Hospital Medical Center
LMEX0000000267,Jeffrey A. Whitsett,Cincinnati Children's Hospital Medical Center
LMEX0000000268,Jeffrey A. Whitsett,Cincinnati Children's Hospital Medical Center
LMEX0000000269,Jeffrey A. Whitsett,Cincinnati Children's Hospital Medical Center
LMEX0000000270,Jeffrey A. Whitsett,Cincinnati Children's Hospital Medical Center
LMEX0000000271,Jeffrey A. Whitsett,Cincinnati Children's Hospital Medical Center
LMEX0000000272,Jeffrey A. Whitsett,Cincinnati Children's Hospital Medical Center
LMEX0000000273,Jeffrey A. Whitsett,Cincinnati Children's Hospital Medical Center
LMEX0000000274,Jeffrey A. Whitsett,Cincinnati Children's Hospital Medical Center
LMEX0000000275,Jeffrey A. Whitsett,Cincinnati Children's Hospital Medical Center
LMEX0000000276,Jeffrey A. Whitsett,Cincinnati Children's Hospital Medical Center
LMEX0000000277,Jeffrey A. Whitsett,Cincinnati Children's Hospital Medical Center
LMEX0000000278,Jeffrey A. Whitsett,Cincinnati Children's Hospital Medical Center
LMEX0000000279,Jeffrey A. Whitsett,Cincinnati Children's Hospital Medical Center
LMEX0000000280,Jeffrey A. Whitsett,Cincinnati Children's Hospital Medical Center
LMEX0000000281,Jeffrey A. Whitsett,Cincinnati Children's Hospital Medical Center
LMEX0000000282,Jeffrey A. Whitsett,Cincinnati Children's Hospital Medical Center
LMEX0000000283,Jeffrey A. Whitsett,Cincinnati Children's Hospital Medical Center
LMEX0000000284,Jeffrey A. Whitsett,Cincinnati Children's Hospital Medical Center
LMEX0000000285,Jeffrey A. Whitsett,Cincinnati Children's Hospital Medical Center
LMEX0000000286,Jeffrey A. Whitsett,Cincinnati Children's Hospital Medical Center
LMEX0000000287,Jeffrey A. Whitsett,Cincinnati Children's Hospital Medical Center
LMEX0000000288,Jeffrey A. Whitsett,Cincinnati Children's Hospital Medical Center
LMEX0000000289,Jeffrey A. Whitsett,Cincinnati Children's Hospital Medical Center
LMEX0000000290,Jeffrey A. Whitsett,Cincinnati Children's Hospital Medical Center
LMEX0000000291,Jeffrey A. Whitsett,Cincinnati Children's Hospital Medical Center
LMEX0000000684,Jeffrey A. Whitsett,Cincinnati Children's Hospital Medical Center
LMEX0000000675,Jeffrey A. Whitsett,Cincinnati Children's Hospital Medical Center
LMEX0000000676,Jeffrey A. Whitsett,Cincinnati Children's Hospital Medical Center
LMAN0000000102,Jeffrey A. Whitsett,Cincinnati Children's Hospital Medical Center
LMAN0000000059,Jeffrey A. Whitsett,Cincinnati Children's Hospital Medical Center
LMEX0000000295,Jeffrey A. Whitsett,Cincinnati Children's Hospital Medical Center
LMEX0000000294,Jeffrey A. Whitsett,Cincinnati Children's Hospital Medical Center
LMEX0000000671,Cecilia Ljungberg,Baylor College of Medicine
LMEX0000000672,Cecilia Ljungberg,Baylor College of Medicine
LMEX0000000673,Cecilia Ljungberg,Baylor College of Medicine
LMEX0000000674,Cecilia Ljungberg,Baylor College of Medicine
LMEX0000000678,Cecilia Ljungberg,Baylor College of Medicine
LMEX0000000679,Cecilia Ljungberg,Baylor College of Medicine
LMEX0000000680,Cecilia Ljungberg,Baylor College of Medicine
LMEX0000000681,Cecilia Ljungberg,Baylor College of Medicine
LMEX0000000682,Cecilia Ljungberg,Baylor College of Medicine
LMEX0000000696,Cecilia Ljungberg,Baylor College of Medicine
LMEX0000000697,Cecilia Ljungberg,Baylor College of Medicine
LMEX0000000698,Cecilia Ljungberg,Baylor College of Medicine
LMEX0000000699,Cecilia Ljungberg,Baylor College of Medicine
LMEX0000000700,Cecilia Ljungberg,Baylor College of Medicine
LMEX0000000701,Cecilia Ljungberg,Baylor College of Medicine
LMEX0000000702,Cecilia Ljungberg,Baylor College of Medicine
LMEX0000000703,Cecilia Ljungberg,Baylor College of Medicine
LMEX0000000704,Cecilia Ljungberg,Baylor College of Medicine
LMEX0000000705,Cecilia Ljungberg,Baylor College of Medicine
LMEX0000000706,Cecilia Ljungberg,Baylor College of Medicine
LMEX0000000707,Cecilia Ljungberg,Baylor College of Medicine
LMEX0000000708,Cecilia Ljungberg,Baylor College of Medicine
LMEX0000000709,Cecilia Ljungberg,Baylor College of Medicine
LMEX0000000710,Cecilia Ljungberg,Baylor College of Medicine
LMEX0000000711,Cecilia Ljungberg,Baylor College of Medicine
LMEX0000000712,Cecilia Ljungberg,Baylor College of Medicine
LMEX0000000713,Cecilia Ljungberg,Baylor College of Medicine
LMEX0000000714,Cecilia Ljungberg,Baylor College of Medicine
LMEX0000000715,Cecilia Ljungberg,Baylor College of Medicine
LMEX0000000716,Cecilia Ljungberg,Baylor College of Medicine
LMEX0000000717,Cecilia Ljungberg,Baylor College of Medicine
LMEX0000000718,Cecilia Ljungberg,Baylor College of Medicine
LMEX0000000719,Cecilia Ljungberg,Baylor College of Medicine
LMEX0000000720,Cecilia Ljungberg,Baylor College of Medicine
LMEX0000000721,Cecilia Ljungberg,Baylor College of Medicine
LMEX0000000722,Cecilia Ljungberg,Baylor College of Medicine
LMEX0000000723,Cecilia Ljungberg,Baylor College of Medicine
LMEX0000000724,Cecilia Ljungberg,Baylor College of Medicine
LMEX0000000725,Cecilia Ljungberg,Baylor College of Medicine
LMEX0000000726,Cecilia Ljungberg,Baylor College of Medicine
LMEX0000000727,Cecilia Ljungberg,Baylor College of Medicine
LMEX0000000728,Cecilia Ljungberg,Baylor College of Medicine
LMEX0000000729,Cecilia Ljungberg,Baylor College of Medicine
LMEX0000000730,Cecilia Ljungberg,Baylor College of Medicine
LMEX0000000731,Cecilia Ljungberg,Baylor College of Medicine
LMEX0000000732,Cecilia Ljungberg,Baylor College of Medicine
LMEX0000000733,Cecilia Ljungberg,Baylor College of Medicine
LMEX0000000734,Cecilia Ljungberg,Baylor College of Medicine
LMEX0000000735,Cecilia Ljungberg,Baylor College of Medicine
LMEX0000000736,Cecilia Ljungberg,Baylor College of Medicine
LMEX0000000737,Cecilia Ljungberg,Baylor College of Medicine
LMEX0000000738,Cecilia Ljungberg,Baylor College of Medicine
LMEX0000000739,Cecilia Ljungberg,Baylor College of Medicine
LMEX0000000740,Cecilia Ljungberg,Baylor College of Medicine
LMEX0000000741,Cecilia Ljungberg,Baylor College of Medicine
LMEX0000000742,Cecilia Ljungberg,Baylor College of Medicine
LMEX0000000743,Cecilia Ljungberg,Baylor College of Medicine
LMEX0000000744,Cecilia Ljungberg,Baylor College of Medicine
LMEX0000000745,Cecilia Ljungberg,Baylor College of Medicine
LMEX0000000746,Cecilia Ljungberg,Baylor College of Medicine
LMEX0000000747,Cecilia Ljungberg,Baylor College of Medicine
LMEX0000000748,Cecilia Ljungberg,Baylor College of Medicine
LMEX0000000749,Cecilia Ljungberg,Baylor College of Medicine
LMEX0000000750,Cecilia Ljungberg,Baylor College of Medicine
LMEX0000000751,Cecilia Ljungberg,Baylor College of Medicine
LMEX0000000752,Cecilia Ljungberg,Baylor College of Medicine
LMEX0000000753,Cecilia Ljungberg,Baylor College of Medicine
LMEX0000000754,Cecilia Ljungberg,Baylor College of Medicine
LMEX0000000755,Cecilia Ljungberg,Baylor College of Medicine
LMEX0000000756,Cecilia Ljungberg,Baylor College of Medicine
LMEX0000000757,Cecilia Ljungberg,Baylor College of Medicine
LMEX0000000758,Cecilia Ljungberg,Baylor College of Medicine
LMEX0000000759,Cecilia Ljungberg,Baylor College of Medicine
LMEX0000000760,Cecilia Ljungberg,Baylor College of Medicine
LMEX0000000761,Cecilia Ljungberg,Baylor College of Medicine
LMEX0000000762,Cecilia Ljungberg,Baylor College of Medicine
LMEX0000000763,Cecilia Ljungberg,Baylor College of Medicine
LMEX0000000764,Cecilia Ljungberg,Baylor College of Medicine
LMEX0000000765,Cecilia Ljungberg,Baylor College of Medicine
LMEX0000000766,Cecilia Ljungberg,Baylor College of Medicine
LMEX0000000767,Cecilia Ljungberg,Baylor College of Medicine
LMEX0000000768,Cecilia Ljungberg,Baylor College of Medicine
LMEX0000000769,Cecilia Ljungberg,Baylor College of Medicine
LMEX0000000770,Cecilia Ljungberg,Baylor College of Medicine
LMEX0000000771,Cecilia Ljungberg,Baylor College of Medicine
LMEX0000000772,Cecilia Ljungberg,Baylor College of Medicine
LMEX0000000773,Cecilia Ljungberg,Baylor College of Medicine
LMEX0000000774,Cecilia Ljungberg,Baylor College of Medicine
LMEX0000000775,Cecilia Ljungberg,Baylor College of Medicine
LMEX0000000776,Cecilia Ljungberg,Baylor College of Medicine
LMEX0000000777,Cecilia Ljungberg,Baylor College of Medicine
LMEX0000000778,Cecilia Ljungberg,Baylor College of Medicine
LMEX0000000779,Cecilia Ljungberg,Baylor College of Medicine
LMEX0000000780,Cecilia Ljungberg,Baylor College of Medicine
LMEX0000000781,Cecilia Ljungberg,Baylor College of Medicine
LMEX0000000782,Cecilia Ljungberg,Baylor College of Medicine
LMEX0000000783,Cecilia Ljungberg,Baylor College of Medicine
LMEX0000000784,Cecilia Ljungberg,Baylor College of Medicine
LMEX0000000785,Cecilia Ljungberg,Baylor College of Medicine
LMEX0000000786,Cecilia Ljungberg,Baylor College of Medicine
LMEX0000000787,Cecilia Ljungberg,Baylor College of Medicine
LMEX0000000788,Cecilia Ljungberg,Baylor College of Medicine
LMEX0000000789,Cecilia Ljungberg,Baylor College of Medicine
LMEX0000000790,Cecilia Ljungberg,Baylor College of Medicine
LMEX0000000791,Cecilia Ljungberg,Baylor College of Medicine
LMEX0000000792,Cecilia Ljungberg,Baylor College of Medicine
LMEX0000000793,Cecilia Ljungberg,Baylor College of Medicine
LMEX0000000794,Cecilia Ljungberg,Baylor College of Medicine
LMEX0000000795,Cecilia Ljungberg,Baylor College of Medicine
LMEX0000000796,Cecilia Ljungberg,Baylor College of Medicine
LMEX0000000797,Cecilia Ljungberg,Baylor College of Medicine
LMEX0000000798,Cecilia Ljungberg,Baylor College of Medicine
LMEX0000000799,Cecilia Ljungberg,Baylor College of Medicine
LMEX0000000800,Cecilia Ljungberg,Baylor College of Medicine
LMEX0000000801,Cecilia Ljungberg,Baylor College of Medicine
LMEX0000000802,Cecilia Ljungberg,Baylor College of Medicine
LMEX0000000803,Cecilia Ljungberg,Baylor College of Medicine
LMEX0000000804,Cecilia Ljungberg,Baylor College of Medicine
LMEX0000000805,Cecilia Ljungberg,Baylor College of Medicine
LMEX0000000806,Cecilia Ljungberg,Baylor College of Medicine
LMEX0000000807,Cecilia Ljungberg,Baylor College of Medicine
LMEX0000000808,Cecilia Ljungberg,Baylor College of Medicine
LMEX0000000809,Cecilia Ljungberg,Baylor College of Medicine
LMEX0000000810,Cecilia Ljungberg,Baylor College of Medicine
LMEX0000000811,Cecilia Ljungberg,Baylor College of Medicine
LMEX0000000812,Cecilia Ljungberg,Baylor College of Medicine
LMEX0000000813,Cecilia Ljungberg,Baylor College of Medicine
LMEX0000000814,Cecilia Ljungberg,Baylor College of Medicine
LMEX0000000815,Cecilia Ljungberg,Baylor College of Medicine
LMEX0000000816,Cecilia Ljungberg,Baylor College of Medicine
LMEX0000000817,Cecilia Ljungberg,Baylor College of Medicine
LMEX0000000818,Cecilia Ljungberg,Baylor College of Medicine
LMEX0000000819,Cecilia Ljungberg,Baylor College of Medicine
LMEX0000000820,Cecilia Ljungberg,Baylor College of Medicine
LMEX0000000821,Cecilia Ljungberg,Baylor College of Medicine
LMEX0000000822,Cecilia Ljungberg,Baylor College of Medicine
LMEX0000000823,Cecilia Ljungberg,Baylor College of Medicine
LMEX0000000824,Cecilia Ljungberg,Baylor College of Medicine
LMEX0000000825,Cecilia Ljungberg,Baylor College of Medicine
LMEX0000000826,Cecilia Ljungberg,Baylor College of Medicine
LMEX0000000827,Cecilia Ljungberg,Baylor College of Medicine
LMEX0000000828,Cecilia Ljungberg,Baylor College of Medicine
LMEX0000000829,Cecilia Ljungberg,Baylor College of Medicine
LMEX0000000830,Cecilia Ljungberg,Baylor College of Medicine
LMEX0000000831,Cecilia Ljungberg,Baylor College of Medicine
LMEX0000000832,Cecilia Ljungberg,Baylor College of Medicine
LMEX0000000833,Cecilia Ljungberg,Baylor College of Medicine
LMEX0000000834,Cecilia Ljungberg,Baylor College of Medicine
LMEX0000000835,Cecilia Ljungberg,Baylor College of Medicine
LMEX0000000836,Cecilia Ljungberg,Baylor College of Medicine
LMEX0000000837,Cecilia Ljungberg,Baylor College of Medicine
LMEX0000000838,Cecilia Ljungberg,Baylor College of Medicine
LMEX0000000839,Cecilia Ljungberg,Baylor College of Medicine
LMEX0000000840,Cecilia Ljungberg,Baylor College of Medicine
LMEX0000000841,Cecilia Ljungberg,Baylor College of Medicine
LMEX0000000842,Cecilia Ljungberg,Baylor College of Medicine
LMEX0000000843,Cecilia Ljungberg,Baylor College of Medicine
LMEX0000000844,Cecilia Ljungberg,Baylor College of Medicine
LMEX0000000845,Cecilia Ljungberg,Baylor College of Medicine
LMEX0000000846,Cecilia Ljungberg,Baylor College of Medicine
LMEX0000000847,Cecilia Ljungberg,Baylor College of Medicine
LMEX0000000848,Cecilia Ljungberg,Baylor College of Medicine
LMEX0000000849,Cecilia Ljungberg,Baylor College of Medicine
LMEX0000000850,Cecilia Ljungberg,Baylor College of Medicine
LMEX0000000851,Cecilia Ljungberg,Baylor College of Medicine
LMEX0000000852,Cecilia Ljungberg,Baylor College of Medicine
LMEX0000000853,Cecilia Ljungberg,Baylor College of Medicine
LMEX0000000854,Cecilia Ljungberg,Baylor College of Medicine
LMEX0000000855,Cecilia Ljungberg,Baylor College of Medicine
LMEX0000000856,Cecilia Ljungberg,Baylor College of Medicine
LMEX0000000857,Cecilia Ljungberg,Baylor College of Medicine
LMEX0000000858,Cecilia Ljungberg,Baylor College of Medicine
LMEX0000000859,Cecilia Ljungberg,Baylor College of Medicine
LMEX0000000074,Cecilia Ljungberg,Baylor College of Medicine
LMEX0000000076,Cecilia Ljungberg,Baylor College of Medicine
LMEX0000000077,Cecilia Ljungberg,Baylor College of Medicine
LMEX0000000081,Cecilia Ljungberg,Baylor College of Medicine
LMEX0000000082,Cecilia Ljungberg,Baylor College of Medicine
LMEX0000000083,Cecilia Ljungberg,Baylor College of Medicine
LMEX0000000084,Cecilia Ljungberg,Baylor College of Medicine
LMEX0000000085,Cecilia Ljungberg,Baylor College of Medicine
LMEX0000000086,Cecilia Ljungberg,Baylor College of Medicine
LMEX0000000075,Cecilia Ljungberg,Baylor College of Medicine
LMEX0000000090,Cecilia Ljungberg,Baylor College of Medicine
LMEX0000000091,Cecilia Ljungberg,Baylor College of Medicine
LMEX0000000092,Cecilia Ljungberg,Baylor College of Medicine
LMEX0000000093,Cecilia Ljungberg,Baylor College of Medicine
LMEX0000000094,Cecilia Ljungberg,Baylor College of Medicine
LMEX0000000095,Cecilia Ljungberg,Baylor College of Medicine
LMEX0000000096,Cecilia Ljungberg,Baylor College of Medicine
LMEX0000000097,Cecilia Ljungberg,Baylor College of Medicine
LMEX0000000098,Cecilia Ljungberg,Baylor College of Medicine
LMEX0000000099,Cecilia Ljungberg,Baylor College of Medicine
LMEX0000000100,Cecilia Ljungberg,Baylor College of Medicine
LMEX0000000101,Cecilia Ljungberg,Baylor College of Medicine
LMEX0000000102,Cecilia Ljungberg,Baylor College of Medicine
LMEX0000000103,Cecilia Ljungberg,Baylor College of Medicine
LMEX0000000104,Cecilia Ljungberg,Baylor College of Medicine
LMEX0000000105,Cecilia Ljungberg,Baylor College of Medicine
LMEX0000000106,Cecilia Ljungberg,Baylor College of Medicine
LMEX0000000107,Cecilia Ljungberg,Baylor College of Medicine
LMEX0000000108,Cecilia Ljungberg,Baylor College of Medicine
LMEX0000000109,Cecilia Ljungberg,Baylor College of Medicine
LMEX0000000110,Cecilia Ljungberg,Baylor College of Medicine
LMEX0000000111,Cecilia Ljungberg,Baylor College of Medicine
LMEX0000000112,Cecilia Ljungberg,Baylor College of Medicine
LMEX0000000113,Cecilia Ljungberg,Baylor College of Medicine
LMEX0000000114,Cecilia Ljungberg,Baylor College of Medicine
LMEX0000000115,Cecilia Ljungberg,Baylor College of Medicine
LMEX0000000116,Cecilia Ljungberg,Baylor College of Medicine
LMEX0000000117,Cecilia Ljungberg,Baylor College of Medicine
LMEX0000000118,Cecilia Ljungberg,Baylor College of Medicine
LMEX0000000119,Cecilia Ljungberg,Baylor College of Medicine
LMEX0000000120,Cecilia Ljungberg,Baylor College of Medicine
LMEX0000000121,Cecilia Ljungberg,Baylor College of Medicine
LMEX0000000122,Cecilia Ljungberg,Baylor College of Medicine
LMEX0000000123,Cecilia Ljungberg,Baylor College of Medicine
LMEX0000000124,Cecilia Ljungberg,Baylor College of Medicine
LMEX0000000125,Cecilia Ljungberg,Baylor College of Medicine
LMEX0000000126,Cecilia Ljungberg,Baylor College of Medicine
LMEX0000000127,Cecilia Ljungberg,Baylor College of Medicine
LMEX0000000128,Cecilia Ljungberg,Baylor College of Medicine
LMEX0000000129,Cecilia Ljungberg,Baylor College of Medicine
LMEX0000000130,Cecilia Ljungberg,Baylor College of Medicine
LMEX0000000131,Cecilia Ljungberg,Baylor College of Medicine
LMEX0000000132,Cecilia Ljungberg,Baylor College of Medicine
LMEX0000000133,Cecilia Ljungberg,Baylor College of Medicine
LMEX0000000134,Cecilia Ljungberg,Baylor College of Medicine
LMEX0000000135,Cecilia Ljungberg,Baylor College of Medicine
LMEX0000000136,Cecilia Ljungberg,Baylor College of Medicine
LMEX0000000137,Cecilia Ljungberg,Baylor College of Medicine
LMEX0000000138,Cecilia Ljungberg,Baylor College of Medicine
LMEX0000000139,Cecilia Ljungberg,Baylor College of Medicine
LMEX0000000140,Cecilia Ljungberg,Baylor College of Medicine
LMEX0000000141,Cecilia Ljungberg,Baylor College of Medicine
LMEX0000000142,Cecilia Ljungberg,Baylor College of Medicine
LMEX0000000143,Cecilia Ljungberg,Baylor College of Medicine
LMEX0000000144,Cecilia Ljungberg,Baylor College of Medicine
LMEX0000000145,Cecilia Ljungberg,Baylor College of Medicine
LMEX0000000146,Cecilia Ljungberg,Baylor College of Medicine
LMEX0000000147,Cecilia Ljungberg,Baylor College of Medicine
LMEX0000000148,Cecilia Ljungberg,Baylor College of Medicine
LMEX0000000149,Cecilia Ljungberg,Baylor College of Medicine
LMEX0000000150,Cecilia Ljungberg,Baylor College of Medicine
LMEX0000000151,Cecilia Ljungberg,Baylor College of Medicine
LMEX0000000152,Cecilia Ljungberg,Baylor College of Medicine
LMEX0000000153,Cecilia Ljungberg,Baylor College of Medicine
LMEX0000000154,Cecilia Ljungberg,Baylor College of Medicine
LMEX0000000155,Cecilia Ljungberg,Baylor College of Medicine
LMEX0000000156,Cecilia Ljungberg,Baylor College of Medicine
LMEX0000000157,Cecilia Ljungberg,Baylor College of Medicine
LMEX0000000158,Cecilia Ljungberg,Baylor College of Medicine
LMEX0000000159,Cecilia Ljungberg,Baylor College of Medicine
LMEX0000000160,Cecilia Ljungberg,Baylor College of Medicine
LMEX0000000161,Cecilia Ljungberg,Baylor College of Medicine
LMEX0000000162,Cecilia Ljungberg,Baylor College of Medicine
LMEX0000000163,Cecilia Ljungberg,Baylor College of Medicine
LMEX0000000164,Cecilia Ljungberg,Baylor College of Medicine
LMEX0000000165,Cecilia Ljungberg,Baylor College of Medicine
LMEX0000000166,Cecilia Ljungberg,Baylor College of Medicine
LMEX0000000167,Cecilia Ljungberg,Baylor College of Medicine
LMEX0000000168,Cecilia Ljungberg,Baylor College of Medicine
LMEX0000000169,Cecilia Ljungberg,Baylor College of Medicine
LMEX0000000170,Cecilia Ljungberg,Baylor College of Medicine
LMEX0000000171,Cecilia Ljungberg,Baylor College of Medicine
LMEX0000000172,Cecilia Ljungberg,Baylor College of Medicine
LMEX0000000173,Cecilia Ljungberg,Baylor College of Medicine
LMEX0000000174,Cecilia Ljungberg,Baylor College of Medicine
LMEX0000000175,Cecilia Ljungberg,Baylor College of Medicine
LMEX0000000176,Cecilia Ljungberg,Baylor College of Medicine
LMEX0000000177,Cecilia Ljungberg,Baylor College of Medicine
LMEX0000000178,Cecilia Ljungberg,Baylor College of Medicine
LMEX0000000179,Cecilia Ljungberg,Baylor College of Medicine
LMEX0000000181,Cecilia Ljungberg,Baylor College of Medicine
LMEX0000000182,Cecilia Ljungberg,Baylor College of Medicine
LMEX0000000183,Cecilia Ljungberg,Baylor College of Medicine
LMEX0000000184,Cecilia Ljungberg,Baylor College of Medicine
LMEX0000000185,Cecilia Ljungberg,Baylor College of Medicine
LMEX0000000186,Cecilia Ljungberg,Baylor College of Medicine
LMEX0000000188,Cecilia Ljungberg,Baylor College of Medicine
LMEX0000000189,Cecilia Ljungberg,Baylor College of Medicine
LMEX0000000190,Cecilia Ljungberg,Baylor College of Medicine
LMEX0000000191,Cecilia Ljungberg,Baylor College of Medicine
LMEX0000000192,Cecilia Ljungberg,Baylor College of Medicine
LMEX0000000193,Cecilia Ljungberg,Baylor College of Medicine
LMEX0000000194,Cecilia Ljungberg,Baylor College of Medicine
LMEX0000000195,Cecilia Ljungberg,Baylor College of Medicine
LMEX0000000196,Cecilia Ljungberg,Baylor College of Medicine
LMEX0000000197,Cecilia Ljungberg,Baylor College of Medicine
LMEX0000000198,Cecilia Ljungberg,Baylor College of Medicine
LMEX0000000199,Cecilia Ljungberg,Baylor College of Medicine
LMEX0000000200,Cecilia Ljungberg,Baylor College of Medicine
LMEX0000000201,Cecilia Ljungberg,Baylor College of Medicine
LMEX0000000202,Cecilia Ljungberg,Baylor College of Medicine
LMEX0000000203,Cecilia Ljungberg,Baylor College of Medicine
LMEX0000000204,Cecilia Ljungberg,Baylor College of Medicine
LMEX0000000205,Cecilia Ljungberg,Baylor College of Medicine
LMEX0000000206,Cecilia Ljungberg,Baylor College of Medicine
LMEX0000000207,Cecilia Ljungberg,Baylor College of Medicine
LMEX0000000208,Cecilia Ljungberg,Baylor College of Medicine
LMEX0000000209,Cecilia Ljungberg,Baylor College of Medicine
LMEX0000000210,Cecilia Ljungberg,Baylor College of Medicine
LMEX0000000211,Cecilia Ljungberg,Baylor College of Medicine
LMEX0000000212,Cecilia Ljungberg,Baylor College of Medicine
LMEX0000000213,Cecilia Ljungberg,Baylor College of Medicine
LMEX0000000214,Cecilia Ljungberg,Baylor College of Medicine
LMEX0000000215,Cecilia Ljungberg,Baylor College of Medicine
LMEX0000000216,Cecilia Ljungberg,Baylor College of Medicine
LMEX0000000217,Cecilia Ljungberg,Baylor College of Medicine
LMEX0000000218,Cecilia Ljungberg,Baylor College of Medicine
LMEX0000000219,Cecilia Ljungberg,Baylor College of Medicine
LMEX0000000220,Cecilia Ljungberg,Baylor College of Medicine
LMEX0000000221,Cecilia Ljungberg,Baylor College of Medicine
LMEX0000000222,Cecilia Ljungberg,Baylor College of Medicine
LMEX0000000223,Cecilia Ljungberg,Baylor College of Medicine
LMEX0000000224,Cecilia Ljungberg,Baylor College of Medicine
LMEX0000000225,Cecilia Ljungberg,Baylor College of Medicine
LMEX0000000226,Cecilia Ljungberg,Baylor College of Medicine
LMEX0000000187,Cecilia Ljungberg,Baylor College of Medicine
LMEX0000000297,Cecilia Ljungberg,Baylor College of Medicine
LMEX0000000298,Cecilia Ljungberg,Baylor College of Medicine
LMEX0000000299,Cecilia Ljungberg,Baylor College of Medicine
LMEX0000000300,Cecilia Ljungberg,Baylor College of Medicine
LMEX0000000301,Cecilia Ljungberg,Baylor College of Medicine
LMEX0000000302,Cecilia Ljungberg,Baylor College of Medicine
LMEX0000000303,Cecilia Ljungberg,Baylor College of Medicine
LMEX0000000304,Cecilia Ljungberg,Baylor College of Medicine
LMEX0000000305,Cecilia Ljungberg,Baylor College of Medicine
LMEX0000000306,Cecilia Ljungberg,Baylor College of Medicine
LMEX0000000307,Cecilia Ljungberg,Baylor College of Medicine
LMEX0000000308,Cecilia Ljungberg,Baylor College of Medicine
LMEX0000000309,Cecilia Ljungberg,Baylor College of Medicine
LMEX0000000310,Cecilia Ljungberg,Baylor College of Medicine
LMEX0000000311,Cecilia Ljungberg,Baylor College of Medicine
LMEX0000000312,Cecilia Ljungberg,Baylor College of Medicine
LMEX0000000313,Cecilia Ljungberg,Baylor College of Medicine
LMEX0000000314,Cecilia Ljungberg,Baylor College of Medicine
LMEX0000000315,Cecilia Ljungberg,Baylor College of Medicine
LMEX0000000316,Cecilia Ljungberg,Baylor College of Medicine
LMEX0000000317,Cecilia Ljungberg,Baylor College of Medicine
LMEX0000000318,Cecilia Ljungberg,Baylor College of Medicine
LMEX0000000319,Cecilia Ljungberg,Baylor College of Medicine
LMEX0000000320,Cecilia Ljungberg,Baylor College of Medicine
LMEX0000000321,Cecilia Ljungberg,Baylor College of Medicine
LMEX0000000322,Cecilia Ljungberg,Baylor College of Medicine
LMEX0000000323,Cecilia Ljungberg,Baylor College of Medicine
LMEX0000000324,Cecilia Ljungberg,Baylor College of Medicine
LMEX0000000325,Cecilia Ljungberg,Baylor College of Medicine
LMEX0000000326,Cecilia Ljungberg,Baylor College of Medicine
LMEX0000000327,Cecilia Ljungberg,Baylor College of Medicine
LMEX0000000328,Cecilia Ljungberg,Baylor College of Medicine
LMEX0000000329,Cecilia Ljungberg,Baylor College of Medicine
LMEX0000000330,Cecilia Ljungberg,Baylor College of Medicine
LMEX0000000331,Cecilia Ljungberg,Baylor College of Medicine
LMEX0000000332,Cecilia Ljungberg,Baylor College of Medicine
LMEX0000000333,Cecilia Ljungberg,Baylor College of Medicine
LMEX0000000334,Cecilia Ljungberg,Baylor College of Medicine
LMEX0000000335,Cecilia Ljungberg,Baylor College of Medicine
LMEX0000000336,Cecilia Ljungberg,Baylor College of Medicine
LMEX0000000337,Cecilia Ljungberg,Baylor College of Medicine
LMEX0000000338,Cecilia Ljungberg,Baylor College of Medicine
LMEX0000000339,Cecilia Ljungberg,Baylor College of Medicine
LMEX0000000340,Cecilia Ljungberg,Baylor College of Medicine
LMEX0000000341,Cecilia Ljungberg,Baylor College of Medicine
LMEX0000000342,Cecilia Ljungberg,Baylor College of Medicine
LMEX0000000343,Cecilia Ljungberg,Baylor College of Medicine
LMEX0000000344,Cecilia Ljungberg,Baylor College of Medicine
LMEX0000000345,Cecilia Ljungberg,Baylor College of Medicine
LMEX0000000346,Cecilia Ljungberg,Baylor College of Medicine
LMEX0000000347,Cecilia Ljungberg,Baylor College of Medicine
LMEX0000000348,Cecilia Ljungberg,Baylor College of Medicine
LMEX0000000349,Cecilia Ljungberg,Baylor College of Medicine
LMEX0000000350,Cecilia Ljungberg,Baylor College of Medicine
LMEX0000000351,Cecilia Ljungberg,Baylor College of Medicine
LMEX0000000352,Cecilia Ljungberg,Baylor College of Medicine
LMEX0000000353,Cecilia Ljungberg,Baylor College of Medicine
LMEX0000000354,Cecilia Ljungberg,Baylor College of Medicine
LMEX0000000355,Cecilia Ljungberg,Baylor College of Medicine
LMEX0000000356,Cecilia Ljungberg,Baylor College of Medicine
LMEX0000000357,Cecilia Ljungberg,Baylor College of Medicine
LMEX0000000358,Cecilia Ljungberg,Baylor College of Medicine
LMEX0000000359,Cecilia Ljungberg,Baylor College of Medicine
LMEX0000000360,Cecilia Ljungberg,Baylor College of Medicine
LMEX0000000361,Cecilia Ljungberg,Baylor College of Medicine
LMEX0000000362,Cecilia Ljungberg,Baylor College of Medicine
LMEX0000000363,Cecilia Ljungberg,Baylor College of Medicine
LMEX0000000364,Cecilia Ljungberg,Baylor College of Medicine
LMEX0000000365,Cecilia Ljungberg,Baylor College of Medicine
LMEX0000000366,Cecilia Ljungberg,Baylor College of Medicine
LMEX0000000367,Cecilia Ljungberg,Baylor College of Medicine
LMEX0000000368,Cecilia Ljungberg,Baylor College of Medicine
LMEX0000000369,Cecilia Ljungberg,Baylor College of Medicine
LMEX0000000370,Cecilia Ljungberg,Baylor College of Medicine
LMEX0000000371,Cecilia Ljungberg,Baylor College of Medicine
LMEX0000000372,Cecilia Ljungberg,Baylor College of Medicine
LMEX0000000373,Cecilia Ljungberg,Baylor College of Medicine
LMEX0000000374,Cecilia Ljungberg,Baylor College of Medicine
LMEX0000000375,Cecilia Ljungberg,Baylor College of Medicine
LMEX0000000376,Cecilia Ljungberg,Baylor College of Medicine
LMEX0000000377,Cecilia Ljungberg,Baylor College of Medicine
LMEX0000000378,Cecilia Ljungberg,Baylor College of Medicine
LMEX0000000379,Cecilia Ljungberg,Baylor College of Medicine
LMEX0000000380,Cecilia Ljungberg,Baylor College of Medicine
LMEX0000000381,Cecilia Ljungberg,Baylor College of Medicine
LMEX0000000382,Cecilia Ljungberg,Baylor College of Medicine
LMEX0000000383,Cecilia Ljungberg,Baylor College of Medicine
LMEX0000000384,Cecilia Ljungberg,Baylor College of Medicine
LMEX0000000385,Cecilia Ljungberg,Baylor College of Medicine
LMEX0000000386,Cecilia Ljungberg,Baylor College of Medicine
LMEX0000000387,Cecilia Ljungberg,Baylor College of Medicine
LMEX0000000388,Cecilia Ljungberg,Baylor College of Medicine
LMEX0000000389,Cecilia Ljungberg,Baylor College of Medicine
LMEX0000000390,Cecilia Ljungberg,Baylor College of Medicine
LMEX0000000391,Cecilia Ljungberg,Baylor College of Medicine
LMEX0000000392,Cecilia Ljungberg,Baylor College of Medicine
LMEX0000000393,Cecilia Ljungberg,Baylor College of Medicine
LMEX0000000394,Cecilia Ljungberg,Baylor College of Medicine
LMEX0000000395,Cecilia Ljungberg,Baylor College of Medicine
LMEX0000000396,Cecilia Ljungberg,Baylor College of Medicine
LMEX0000000397,Cecilia Ljungberg,Baylor College of Medicine
LMEX0000000398,Cecilia Ljungberg,Baylor College of Medicine
LMEX0000000399,Cecilia Ljungberg,Baylor College of Medicine
LMEX0000000400,Cecilia Ljungberg,Baylor College of Medicine
LMEX0000000401,Cecilia Ljungberg,Baylor College of Medicine
LMEX0000000402,Cecilia Ljungberg,Baylor College of Medicine
LMEX0000000403,Cecilia Ljungberg,Baylor College of Medicine
LMEX0000000404,Cecilia Ljungberg,Baylor College of Medicine
LMEX0000000405,Cecilia Ljungberg,Baylor College of Medicine
LMEX0000000406,Cecilia Ljungberg,Baylor College of Medicine
LMEX0000000407,Cecilia Ljungberg,Baylor College of Medicine
LMEX0000000408,Cecilia Ljungberg,Baylor College of Medicine
LMEX0000000409,Cecilia Ljungberg,Baylor College of Medicine
LMEX0000000410,Cecilia Ljungberg,Baylor College of Medicine
LMEX0000000411,Cecilia Ljungberg,Baylor College of Medicine
LMEX0000000412,Cecilia Ljungberg,Baylor College of Medicine
LMEX0000000413,Cecilia Ljungberg,Baylor College of Medicine
LMEX0000000414,Cecilia Ljungberg,Baylor College of Medicine
LMEX0000000415,Cecilia Ljungberg,Baylor College of Medicine
LMEX0000000416,Cecilia Ljungberg,Baylor College of Medicine
LMEX0000000417,Cecilia Ljungberg,Baylor College of Medicine
LMEX0000000418,Cecilia Ljungberg,Baylor College of Medicine
LMEX0000000419,Cecilia Ljungberg,Baylor College of Medicine
LMEX0000000420,Cecilia Ljungberg,Baylor College of Medicine
LMEX0000000421,Cecilia Ljungberg,Baylor College of Medicine
LMEX0000000422,Cecilia Ljungberg,Baylor College of Medicine
LMEX0000000423,Cecilia Ljungberg,Baylor College of Medicine
LMEX0000000424,Cecilia Ljungberg,Baylor College of Medicine
LMEX0000000425,Cecilia Ljungberg,Baylor College of Medicine
LMEX0000000426,Cecilia Ljungberg,Baylor College of Medicine
LMEX0000000427,Cecilia Ljungberg,Baylor College of Medicine
LMEX0000000428,Cecilia Ljungberg,Baylor College of Medicine
LMEX0000000429,Cecilia Ljungberg,Baylor College of Medicine
LMEX0000000430,Cecilia Ljungberg,Baylor College of Medicine
LMEX0000000431,Cecilia Ljungberg,Baylor College of Medicine
LMEX0000000432,Cecilia Ljungberg,Baylor College of Medicine
LMEX0000000433,Cecilia Ljungberg,Baylor College of Medicine
LMEX0000000434,Cecilia Ljungberg,Baylor College of Medicine
LMEX0000000435,Cecilia Ljungberg,Baylor College of Medicine
LMEX0000000436,Cecilia Ljungberg,Baylor College of Medicine
LMEX0000000437,Cecilia Ljungberg,Baylor College of Medicine
LMEX0000000438,Cecilia Ljungberg,Baylor College of Medicine
LMEX0000000439,Cecilia Ljungberg,Baylor College of Medicine
LMEX0000000440,Cecilia Ljungberg,Baylor College of Medicine
LMEX0000000441,Cecilia Ljungberg,Baylor College of Medicine
LMEX0000000442,Cecilia Ljungberg,Baylor College of Medicine
LMEX0000000443,Cecilia Ljungberg,Baylor College of Medicine
LMEX0000000444,Cecilia Ljungberg,Baylor College of Medicine
LMEX0000000445,Cecilia Ljungberg,Baylor College of Medicine
LMEX0000000446,Cecilia Ljungberg,Baylor College of Medicine
LMEX0000000447,Cecilia Ljungberg,Baylor College of Medicine
LMEX0000000448,Cecilia Ljungberg,Baylor College of Medicine
LMEX0000000449,Cecilia Ljungberg,Baylor College of Medicine
LMEX0000000450,Cecilia Ljungberg,Baylor College of Medicine
LMEX0000000451,Cecilia Ljungberg,Baylor College of Medicine
LMEX0000000452,Cecilia Ljungberg,Baylor College of Medicine
LMEX0000000453,Cecilia Ljungberg,Baylor College of Medicine
LMEX0000000454,Cecilia Ljungberg,Baylor College of Medicine
LMEX0000000455,Cecilia Ljungberg,Baylor College of Medicine
LMEX0000000456,Cecilia Ljungberg,Baylor College of Medicine
LMEX0000000457,Cecilia Ljungberg,Baylor College of Medicine
LMEX0000000458,Cecilia Ljungberg,Baylor College of Medicine
LMEX0000000459,Cecilia Ljungberg,Baylor College of Medicine
LMEX0000000460,Cecilia Ljungberg,Baylor College of Medicine
LMEX0000000461,Cecilia Ljungberg,Baylor College of Medicine
LMEX0000000462,Cecilia Ljungberg,Baylor College of Medicine
LMEX0000000463,Cecilia Ljungberg,Baylor College of Medicine
LMEX0000000464,Cecilia Ljungberg,Baylor College of Medicine
LMEX0000000465,Cecilia Ljungberg,Baylor College of Medicine
LMEX0000000466,Cecilia Ljungberg,Baylor College of Medicine
LMEX0000000467,Cecilia Ljungberg,Baylor College of Medicine
LMEX0000000468,Cecilia Ljungberg,Baylor College of Medicine
LMEX0000000469,Cecilia Ljungberg,Baylor College of Medicine
LMEX0000000470,Cecilia Ljungberg,Baylor College of Medicine
LMEX0000000471,Cecilia Ljungberg,Baylor College of Medicine
LMEX0000000472,Cecilia Ljungberg,Baylor College of Medicine
LMEX0000000473,Cecilia Ljungberg,Baylor College of Medicine
LMEX0000000474,Cecilia Ljungberg,Baylor College of Medicine
LMEX0000000475,Cecilia Ljungberg,Baylor College of Medicine
LMEX0000000476,Cecilia Ljungberg,Baylor College of Medicine
LMEX0000000477,Cecilia Ljungberg,Baylor College of Medicine
LMEX0000000478,Cecilia Ljungberg,Baylor College of Medicine
LMEX0000000479,Cecilia Ljungberg,Baylor College of Medicine
LMEX0000000480,Cecilia Ljungberg,Baylor College of Medicine
LMEX0000000481,Cecilia Ljungberg,Baylor College of Medicine
LMEX0000000482,Cecilia Ljungberg,Baylor College of Medicine
LMEX0000000483,Cecilia Ljungberg,Baylor College of Medicine
LMEX0000000484,Cecilia Ljungberg,Baylor College of Medicine
LMEX0000000485,Cecilia Ljungberg,Baylor College of Medicine
LMEX0000000486,Cecilia Ljungberg,Baylor College of Medicine
LMEX0000000487,Cecilia Ljungberg,Baylor College of Medicine
LMEX0000000488,Cecilia Ljungberg,Baylor College of Medicine
LMEX0000000489,Cecilia Ljungberg,Baylor College of Medicine
LMEX0000000490,Cecilia Ljungberg,Baylor College of Medicine
LMEX0000000491,Cecilia Ljungberg,Baylor College of Medicine
LMEX0000000492,Cecilia Ljungberg,Baylor College of Medicine
LMEX0000000493,Cecilia Ljungberg,Baylor College of Medicine
LMEX0000000494,Cecilia Ljungberg,Baylor College of Medicine
LMEX0000000495,Cecilia Ljungberg,Baylor College of Medicine
LMEX0000000496,Cecilia Ljungberg,Baylor College of Medicine
LMEX0000000497,Cecilia Ljungberg,Baylor College of Medicine
LMEX0000000498,Cecilia Ljungberg,Baylor College of Medicine
LMEX0000000499,Cecilia Ljungberg,Baylor College of Medicine
LMEX0000000500,Cecilia Ljungberg,Baylor College of Medicine
LMEX0000000501,Cecilia Ljungberg,Baylor College of Medicine
LMEX0000000502,Cecilia Ljungberg,Baylor College of Medicine
LMEX0000000503,Cecilia Ljungberg,Baylor College of Medicine
LMEX0000000504,Cecilia Ljungberg,Baylor College of Medicine
LMEX0000000505,Cecilia Ljungberg,Baylor College of Medicine
LMEX0000000506,Cecilia Ljungberg,Baylor College of Medicine
LMEX0000000507,Cecilia Ljungberg,Baylor College of Medicine
LMEX0000000508,Cecilia Ljungberg,Baylor College of Medicine
LMEX0000000509,Cecilia Ljungberg,Baylor College of Medicine
LMEX0000000510,Cecilia Ljungberg,Baylor College of Medicine
LMEX0000000511,Cecilia Ljungberg,Baylor College of Medicine
LMEX0000000512,Cecilia Ljungberg,Baylor College of Medicine
LMEX0000000513,Cecilia Ljungberg,Baylor College of Medicine
LMEX0000000514,Cecilia Ljungberg,Baylor College of Medicine
LMEX0000000515,Cecilia Ljungberg,Baylor College of Medicine
LMEX0000000516,Cecilia Ljungberg,Baylor College of Medicine
LMEX0000000517,Cecilia Ljungberg,Baylor College of Medicine
LMEX0000000518,Cecilia Ljungberg,Baylor College of Medicine
LMEX0000000519,Cecilia Ljungberg,Baylor College of Medicine
LMEX0000000520,Cecilia Ljungberg,Baylor College of Medicine
LMEX0000000521,Cecilia Ljungberg,Baylor College of Medicine
LMEX0000000522,Cecilia Ljungberg,Baylor College of Medicine
LMEX0000000523,Cecilia Ljungberg,Baylor College of Medicine
LMEX0000000524,Cecilia Ljungberg,Baylor College of Medicine
LMEX0000000525,Cecilia Ljungberg,Baylor College of Medicine
LMEX0000000526,Cecilia Ljungberg,Baylor College of Medicine
LMEX0000000527,Cecilia Ljungberg,Baylor College of Medicine
LMEX0000000528,Cecilia Ljungberg,Baylor College of Medicine
LMEX0000000529,Cecilia Ljungberg,Baylor College of Medicine
LMEX0000000530,Cecilia Ljungberg,Baylor College of Medicine
LMEX0000000531,Cecilia Ljungberg,Baylor College of Medicine
LMEX0000000532,Cecilia Ljungberg,Baylor College of Medicine
LMEX0000000533,Cecilia Ljungberg,Baylor College of Medicine
LMEX0000000534,Cecilia Ljungberg,Baylor College of Medicine
LMEX0000000535,Cecilia Ljungberg,Baylor College of Medicine
LMEX0000000536,Cecilia Ljungberg,Baylor College of Medicine
LMEX0000000537,Cecilia Ljungberg,Baylor College of Medicine
LMEX0000000538,Cecilia Ljungberg,Baylor College of Medicine
LMEX0000000539,Cecilia Ljungberg,Baylor College of Medicine
LMEX0000000540,Cecilia Ljungberg,Baylor College of Medicine
LMEX0000000541,Cecilia Ljungberg,Baylor College of Medicine
LMEX0000000542,Cecilia Ljungberg,Baylor College of Medicine
LMEX0000000543,Cecilia Ljungberg,Baylor College of Medicine
LMEX0000000544,Cecilia Ljungberg,Baylor College of Medicine
LMEX0000000545,Cecilia Ljungberg,Baylor College of Medicine
LMEX0000000546,Cecilia Ljungberg,Baylor College of Medicine
LMEX0000000547,Cecilia Ljungberg,Baylor College of Medicine
LMEX0000000548,Cecilia Ljungberg,Baylor College of Medicine
LMEX0000000549,Cecilia Ljungberg,Baylor College of Medicine
LMEX0000000550,Cecilia Ljungberg,Baylor College of Medicine
LMEX0000000551,Cecilia Ljungberg,Baylor College of Medicine
LMEX0000000552,Cecilia Ljungberg,Baylor College of Medicine
LMEX0000000553,Cecilia Ljungberg,Baylor College of Medicine
LMEX0000000554,Cecilia Ljungberg,Baylor College of Medicine
LMEX0000000555,Cecilia Ljungberg,Baylor College of Medicine
LMEX0000000556,Cecilia Ljungberg,Baylor College of Medicine
LMEX0000000557,Cecilia Ljungberg,Baylor College of Medicine
LMEX0000000558,Cecilia Ljungberg,Baylor College of Medicine
LMEX0000000559,Cecilia Ljungberg,Baylor College of Medicine
LMEX0000000560,Cecilia Ljungberg,Baylor College of Medicine
LMEX0000000561,Cecilia Ljungberg,Baylor College of Medicine
LMEX0000000562,Cecilia Ljungberg,Baylor College of Medicine
LMEX0000000563,Cecilia Ljungberg,Baylor College of Medicine
LMEX0000000564,Cecilia Ljungberg,Baylor College of Medicine
LMEX0000000565,Cecilia Ljungberg,Baylor College of Medicine
LMEX0000000566,Cecilia Ljungberg,Baylor College of Medicine
LMEX0000000567,Cecilia Ljungberg,Baylor College of Medicine
LMEX0000000568,Cecilia Ljungberg,Baylor College of Medicine
LMEX0000000569,Cecilia Ljungberg,Baylor College of Medicine
LMEX0000000570,Cecilia Ljungberg,Baylor College of Medicine
LMEX0000000677,Cecilia Ljungberg,Baylor College of Medicine
LMAN0000000025,Namasivayam Ambalavanan,University of Alabama at Birmingham
LMEX0000000180,Namasivayam Ambalavanan,University of Alabama at Birmingham
LMAN0000000035,Namasivayam Ambalavanan,University of Alabama at Birmingham
LMEX0000000227,Namasivayam Ambalavanan,University of Alabama at Birmingham
LMAN0000000023,Namasivayam Ambalavanan,University of Alabama at Birmingham
LMEX0000000079,Namasivayam Ambalavanan,University of Alabama at Birmingham
LMEX0000000081,Non-LungMAP data from GenePaint.org,Non-LungMAP data from GenePaint.org
LMAN0000000025,Charles Ansong,Pacific Northwest National Laboratory
LMEX0000000180,Charles Ansong,Pacific Northwest National Laboratory
LMAN0000000076,Charles Ansong,Pacific Northwest National Laboratory
LMEX0000000861,Charles Ansong,Pacific Northwest National Laboratory
LMAN0000000082,Charles Ansong,Pacific Northwest National Laboratory
LMEX0000000862,Charles Ansong,Pacific Northwest National Laboratory
LMAN0000000088,Charles Ansong,Pacific Northwest National Laboratory
LMEX0000000661,Charles Ansong,Pacific Northwest National Laboratory
LMAN0000000046,Charles Ansong,Pacific Northwest National Laboratory
LMAN0000000024,Charles Ansong,Pacific Northwest National Laboratory
LMAN0000000041,Charles Ansong,Pacific Northwest National Laboratory
LMEX0000000292,Charles Ansong,Pacific Northwest National Laboratory
LMEX0000000078,Charles Ansong,Pacific Northwest National Laboratory
LMAN0000000026,Charles Ansong,Pacific Northwest National Laboratory
LMAN0000000096,Charles Ansong,Pacific Northwest National Laboratory
LMEX0000000293,Yan Xu,Cincinnati Children's Hospital Medical Center
LMAN0000000070,Yan Xu,Cincinnati Children's Hospital Medical Center
LMAN0000000055,Yan Xu,Cincinnati Children's Hospital Medical Center
LMEX0000000001,Yan Xu,Cincinnati Children's Hospital Medical Center
LMEX0000000080,Yan Xu,Cincinnati Children's Hospital Medical Center
LMAN0000000011,Yan Xu,Cincinnati Children's Hospital Medical Center
LMAN0000000001,Yan Xu,Cincinnati Children's Hospital Medical Center
LMAN0000000036,Yan Xu,Cincinnati Children's Hospital Medical Center
LMAN0000000037,Yan Xu,Cincinnati Children's Hospital Medical Center
LMEX0000000684,Yan Xu,Cincinnati Children's Hospital Medical Center
LMAN0000000102,Yan Xu,Cincinnati Children's Hospital Medical Center
LMAN0000000059,Yan Xu,Cincinnati Children's Hospital Medical Center
LMEX0000000295,Yan Xu,Cincinnati Children's Hospital Medical Center
LMEX0000000294,Yan Xu,Cincinnati Children's Hospital Medical Center
LMEX0000000293,Bruce Aronow,Cincinnati Children's Hospital Medical Center
LMAN0000000070,Bruce Aronow,Cincinnati Children's Hospital Medical Center
LMAN0000000055,Bruce Aronow,Cincinnati Children's Hospital Medical Center
LMEX0000000001,Bruce Aronow,Cincinnati Children's Hospital Medical Center
LMEX0000000080,Bruce Aronow,Cincinnati Children's Hospital Medical Center
LMAN0000000011,Bruce Aronow,Cincinnati Children's Hospital Medical Center
LMAN0000000001,Bruce Aronow,Cincinnati Children's Hospital Medical Center
LMAN0000000036,Bruce Aronow,Cincinnati Children's Hospital Medical Center
LMAN0000000037,Bruce Aronow,Cincinnati Children's Hospital Medical Center
LMEX0000000684,Bruce Aronow,Cincinnati Children's Hospital Medical Center
LMAN0000000102,Bruce Aronow,Cincinnati Children's Hospital Medical Center
LMAN0000000059,Bruce Aronow,Cincinnati Children's Hospital Medical Center
LMEX0000000295,Bruce Aronow,Cincinnati Children's Hospital Medical Center
LMEX0000000294,Bruce Aronow,Cincinnati Children's Hospital Medical Center
LMAN0000000035,Naftali Kaminski,Yale School of Medicine
LMEX0000000227,Naftali Kaminski,Yale School of Medicine
LMAN0000000023,Naftali Kaminski,Yale School of Medicine
LMEX0000000079,Naftali Kaminski,Yale School of Medicine
LMEX0000000683,Wei Shi,Children's Hospital of Los Angeles
LMEX0000000685,Wei Shi,Children's Hospital of Los Angeles
LMEX0000000686,Wei Shi,Children's Hospital of Los Angeles
LMEX0000000687,Wei Shi,Children's Hospital of Los Angeles
LMEX0000000688,Wei Shi,Children's Hospital of Los Angeles
LMEX0000000689,Wei Shi,Children's Hospital of Los Angeles
LMEX0000000690,Wei Shi,Children's Hospital of Los Angeles
LMEX0000000691,Wei Shi,Children's Hospital of Los Angeles
LMEX0000000692,Wei Shi,Children's Hospital of Los Angeles
LMEX0000000693,Wei Shi,Children's Hospital of Los Angeles
LMEX0000000694,Wei Shi,Children's Hospital of Los Angeles
LMEX0000000695,Wei Shi,Children's Hospital of Los Angeles
LMEX0000000641,Rusty Lansford,Children's Hospital of Los Angeles
LMEX0000000642,Rusty Lansford,Children's Hospital of Los Angeles
LMEX0000000643,Rusty Lansford,Children's Hospital of Los Angeles
LMEX0000000644,Rusty Lansford,Children's Hospital of Los Angeles
LMEX0000000645,Rusty Lansford,Children's Hospital of Los Angeles
LMEX0000000646,Rusty Lansford,Children's Hospital of Los Angeles
LMEX0000000647,Rusty Lansford,Children's Hospital of Los Angeles
LMEX0000000648,Rusty Lansford,Children's Hospital of Los Angeles
LMEX0000000649,Rusty Lansford,Children's Hospital of Los Angeles
LMEX0000000650,Rusty Lansford,Children's Hospital of Los Angeles
LMEX0000000651,Rusty Lansford,Children's Hospital of Los Angeles
LMEX0000000652,Rusty Lansford,Children's Hospital of Los Angeles
LMEX0000000653,Rusty Lansford,Children's Hospital of Los Angeles
LMEX0000000654,Rusty Lansford,Children's Hospital of Los Angeles
LMEX0000000655,Rusty Lansford,Children's Hospital of Los Angeles
LMEX0000000656,Rusty Lansford,Children's Hospital of Los Angeles
LMEX0000000657,Rusty Lansford,Children's Hospital of Los Angeles
LMEX0000000658,Rusty Lansford,Children's Hospital of Los Angeles
LMEX0000000659,Rusty Lansford,Children's Hospital of Los Angeles
LMEX0000000660,Rusty Lansford,Children's Hospital of Los Angeles
LMEX0000000662,David Koos,Children's Hospital of Los Angeles
LMEX0000000663,David Koos,Children's Hospital of Los Angeles
LMEX0000000664,David Warburton,Children's Hospital of Los Angeles
LMEX0000000665,David Warburton,Children's Hospital of Los Angeles
LMEX0000000666,David Warburton,Children's Hospital of Los Angeles
LMEX0000000667,David Warburton,Children's Hospital of Los Angeles
LMEX0000000668,David Warburton,Children's Hospital of Los Angeles
LMEX0000000670,David Warburton,Children's Hospital of Los Angeles
LMEX0000000662,David Warburton,Children's Hospital of Los Angeles
LMEX0000000663,David Warburton,Children's Hospital of Los Angeles
LMEX0000000664,Rex Moats,Children's Hospital of Los Angeles
LMEX0000000665,Rex Moats,Children's Hospital of Los Angeles
LMEX0000000666,Rex Moats,Children's Hospital of Los Angeles
LMEX0000000667,Rex Moats,Children's Hospital of Los Angeles
LMEX0000000668,Rex Moats,Children's Hospital of Los Angeles
LMEX0000000670,Rex Moats,Children's Hospital of Los Angeles
