experiment,experiment_type,platform,release_date
LMEX0000000671,In situ hybridization,,8/13/2015
LMEX0000000672,In situ hybridization,,8/13/2015
LMEX0000000673,In situ hybridization,,8/13/2015
LMEX0000000674,In situ hybridization,,8/13/2015
LMEX0000000678,In situ hybridization,,8/13/2015
LMEX0000000679,In situ hybridization,,8/13/2015
LMEX0000000680,In situ hybridization,,8/13/2015
LMEX0000000681,In situ hybridization,,8/13/2015
LMEX0000000682,In situ hybridization,,8/13/2015
LMEX0000000696,In situ hybridization,,8/13/2015
LMEX0000000697,In situ hybridization,,8/13/2015
LMEX0000000698,In situ hybridization,,8/13/2015
LMEX0000000699,In situ hybridization,,8/13/2015
LMEX0000000700,In situ hybridization,,8/13/2015
LMEX0000000701,In situ hybridization,,8/13/2015
LMEX0000000702,In situ hybridization,,8/13/2015
LMEX0000000703,In situ hybridization,,8/13/2015
LMEX0000000704,In situ hybridization,,8/13/2015
LMEX0000000705,In situ hybridization,,8/13/2015
LMEX0000000706,In situ hybridization,,8/13/2015
LMEX0000000707,In situ hybridization,,8/13/2015
LMEX0000000708,In situ hybridization,,8/13/2015
LMEX0000000709,In situ hybridization,,8/13/2015
LMEX0000000710,In situ hybridization,,8/13/2015
LMEX0000000711,In situ hybridization,,8/13/2015
LMEX0000000712,In situ hybridization,,8/13/2015
LMEX0000000713,In situ hybridization,,8/13/2015
LMEX0000000714,In situ hybridization,,8/13/2015
LMEX0000000715,In situ hybridization,,8/13/2015
LMEX0000000716,In situ hybridization,,8/13/2015
LMEX0000000717,In situ hybridization,,8/13/2015
LMEX0000000718,In situ hybridization,,8/13/2015
LMEX0000000719,In situ hybridization,,8/13/2015
LMEX0000000720,In situ hybridization,,8/13/2015
LMEX0000000721,In situ hybridization,,8/13/2015
LMEX0000000722,In situ hybridization,,8/13/2015
LMEX0000000723,In situ hybridization,,8/13/2015
LMEX0000000724,In situ hybridization,,8/13/2015
LMEX0000000725,In situ hybridization,,8/13/2015
LMEX0000000726,In situ hybridization,,8/13/2015
LMEX0000000727,In situ hybridization,,8/13/2015
LMEX0000000728,In situ hybridization,,8/13/2015
LMEX0000000729,In situ hybridization,,8/13/2015
LMEX0000000730,In situ hybridization,,8/13/2015
LMEX0000000731,In situ hybridization,,8/13/2015
LMEX0000000732,In situ hybridization,,8/13/2015
LMEX0000000733,In situ hybridization,,8/13/2015
LMEX0000000734,In situ hybridization,,8/13/2015
LMEX0000000735,In situ hybridization,,8/13/2015
LMEX0000000736,In situ hybridization,,8/13/2015
LMEX0000000737,In situ hybridization,,8/13/2015
LMEX0000000738,In situ hybridization,,8/13/2015
LMEX0000000739,In situ hybridization,,8/13/2015
LMEX0000000740,In situ hybridization,,8/13/2015
LMEX0000000741,In situ hybridization,,8/13/2015
LMEX0000000742,In situ hybridization,,8/13/2015
LMEX0000000743,In situ hybridization,,8/13/2015
LMEX0000000744,In situ hybridization,,8/13/2015
LMEX0000000745,In situ hybridization,,8/13/2015
LMEX0000000746,In situ hybridization,,8/13/2015
LMEX0000000747,In situ hybridization,,8/13/2015
LMEX0000000748,In situ hybridization,,8/13/2015
LMEX0000000749,In situ hybridization,,8/13/2015
LMEX0000000750,In situ hybridization,,8/13/2015
LMEX0000000751,In situ hybridization,,8/13/2015
LMEX0000000752,In situ hybridization,,8/13/2015
LMEX0000000753,In situ hybridization,,8/13/2015
LMEX0000000754,In situ hybridization,,8/13/2015
LMEX0000000755,In situ hybridization,,8/13/2015
LMEX0000000756,In situ hybridization,,8/13/2015
LMEX0000000757,In situ hybridization,,8/13/2015
LMEX0000000758,In situ hybridization,,8/13/2015
LMEX0000000759,In situ hybridization,,8/13/2015
LMEX0000000760,In situ hybridization,,8/13/2015
LMEX0000000761,In situ hybridization,,8/13/2015
LMEX0000000762,In situ hybridization,,8/13/2015
LMEX0000000763,In situ hybridization,,8/13/2015
LMEX0000000764,In situ hybridization,,8/13/2015
LMEX0000000765,In situ hybridization,,8/13/2015
LMEX0000000766,In situ hybridization,,8/13/2015
LMEX0000000767,In situ hybridization,,8/13/2015
LMEX0000000768,In situ hybridization,,8/13/2015
LMEX0000000769,In situ hybridization,,8/13/2015
LMEX0000000770,In situ hybridization,,8/13/2015
LMEX0000000771,In situ hybridization,,8/13/2015
LMEX0000000772,In situ hybridization,,8/13/2015
LMEX0000000773,In situ hybridization,,8/13/2015
LMEX0000000774,In situ hybridization,,8/13/2015
LMEX0000000775,In situ hybridization,,8/13/2015
LMEX0000000776,In situ hybridization,,8/13/2015
LMEX0000000777,In situ hybridization,,8/13/2015
LMEX0000000778,In situ hybridization,,8/13/2015
LMEX0000000779,In situ hybridization,,8/13/2015
LMEX0000000780,In situ hybridization,,8/13/2015
LMEX0000000781,In situ hybridization,,8/13/2015
LMEX0000000782,In situ hybridization,,8/13/2015
LMEX0000000783,In situ hybridization,,8/13/2015
LMEX0000000784,In situ hybridization,,8/13/2015
LMEX0000000785,In situ hybridization,,8/13/2015
LMEX0000000786,In situ hybridization,,8/13/2015
LMEX0000000787,In situ hybridization,,8/13/2015
LMEX0000000788,In situ hybridization,,8/13/2015
LMEX0000000789,In situ hybridization,,8/13/2015
LMEX0000000790,In situ hybridization,,8/13/2015
LMEX0000000791,In situ hybridization,,8/13/2015
LMEX0000000792,In situ hybridization,,8/13/2015
LMEX0000000793,In situ hybridization,,8/13/2015
LMEX0000000794,In situ hybridization,,8/13/2015
LMEX0000000795,In situ hybridization,,8/13/2015
LMEX0000000796,In situ hybridization,,8/13/2015
LMEX0000000797,In situ hybridization,,8/13/2015
LMEX0000000798,In situ hybridization,,8/13/2015
LMEX0000000799,In situ hybridization,,8/13/2015
LMEX0000000800,In situ hybridization,,8/13/2015
LMEX0000000801,In situ hybridization,,8/13/2015
LMEX0000000802,In situ hybridization,,8/13/2015
LMEX0000000803,In situ hybridization,,8/13/2015
LMEX0000000804,In situ hybridization,,8/13/2015
LMEX0000000805,In situ hybridization,,8/13/2015
LMEX0000000806,In situ hybridization,,8/13/2015
LMEX0000000807,In situ hybridization,,8/13/2015
LMEX0000000808,In situ hybridization,,8/13/2015
LMEX0000000809,In situ hybridization,,8/13/2015
LMEX0000000810,In situ hybridization,,8/13/2015
LMEX0000000811,In situ hybridization,,8/13/2015
LMEX0000000812,In situ hybridization,,8/13/2015
LMEX0000000813,In situ hybridization,,8/13/2015
LMEX0000000814,In situ hybridization,,8/13/2015
LMEX0000000815,In situ hybridization,,8/13/2015
LMEX0000000816,In situ hybridization,,8/13/2015
LMEX0000000817,In situ hybridization,,8/13/2015
LMEX0000000818,In situ hybridization,,8/13/2015
LMEX0000000819,In situ hybridization,,8/13/2015
LMEX0000000820,In situ hybridization,,8/13/2015
LMEX0000000821,In situ hybridization,,8/13/2015
LMEX0000000822,In situ hybridization,,8/13/2015
LMEX0000000823,In situ hybridization,,8/13/2015
LMEX0000000824,In situ hybridization,,8/13/2015
LMEX0000000825,In situ hybridization,,8/13/2015
LMEX0000000826,In situ hybridization,,8/13/2015
LMEX0000000827,In situ hybridization,,8/13/2015
LMEX0000000828,In situ hybridization,,8/13/2015
LMEX0000000829,In situ hybridization,,8/13/2015
LMEX0000000830,In situ hybridization,,8/13/2015
LMEX0000000831,In situ hybridization,,8/13/2015
LMEX0000000832,In situ hybridization,,8/13/2015
LMEX0000000833,In situ hybridization,,8/13/2015
LMEX0000000834,In situ hybridization,,8/13/2015
LMEX0000000835,In situ hybridization,,8/13/2015
LMEX0000000836,In situ hybridization,,8/13/2015
LMEX0000000837,In situ hybridization,,8/13/2015
LMEX0000000838,In situ hybridization,,8/13/2015
LMEX0000000839,In situ hybridization,,8/13/2015
LMEX0000000840,In situ hybridization,,8/13/2015
LMEX0000000841,In situ hybridization,,8/13/2015
LMEX0000000842,In situ hybridization,,8/13/2015
LMEX0000000843,In situ hybridization,,8/13/2015
LMEX0000000844,In situ hybridization,,8/13/2015
LMEX0000000845,In situ hybridization,,8/13/2015
LMEX0000000846,In situ hybridization,,8/13/2015
LMEX0000000847,In situ hybridization,,8/13/2015
LMEX0000000848,In situ hybridization,,8/13/2015
LMEX0000000849,In situ hybridization,,8/13/2015
LMEX0000000850,In situ hybridization,,8/13/2015
LMEX0000000851,In situ hybridization,,8/13/2015
LMEX0000000852,In situ hybridization,,8/13/2015
LMEX0000000853,In situ hybridization,,8/13/2015
LMEX0000000854,In situ hybridization,,8/13/2015
LMEX0000000855,In situ hybridization,,8/13/2015
LMEX0000000856,In situ hybridization,,8/13/2015
LMEX0000000857,In situ hybridization,,8/13/2015
LMEX0000000858,In situ hybridization,,8/13/2015
LMEX0000000859,In situ hybridization,,8/13/2015
LMEX0000000573,Immunofluorescence-Confocal,confocal,2/24/2016
LMEX0000000592,Immunofluorescence-Confocal,confocal,2/29/2016
LMEX0000000593,Immunofluorescence-Confocal,confocal,2/17/2016
LMEX0000000594,Immunofluorescence-Confocal,confocal,2/11/2016
LMEX0000000598,Immunofluorescence-Confocal,confocal,2/3/2016
LMEX0000000599,Immunofluorescence-Confocal,confocal,12/22/2105
LMEX0000000600,Immunofluorescence-Confocal,confocal,2/4/2016
LMEX0000000623,Histological stain,confocal,1/29/2016
LMEX0000000625,Histological stain,confocal,2/8/2016
LMEX0000000264,Immunofluorescence-Confocal,confocal,5/12/2015
LMEX0000000002,Immunofluorescence-Confocal,confocal,3/12/2015
LMEX0000000003,Immunofluorescence-Confocal,confocal,4/12/2015
LMEX0000000004,Immunofluorescence-Confocal,confocal,4/12/2015
LMEX0000000005,Immunofluorescence-Confocal,confocal,3/11/2015
LMEX0000000006,Immunofluorescence-Confocal,confocal,1/5/2015
LMEX0000000007,Immunofluorescence-Confocal,confocal,1/5/2015
LMEX0000000008,Immunofluorescence-Confocal,confocal,4/15/2015
LMEX0000000009,Immunofluorescence-Confocal,confocal,2/19/2015
LMEX0000000014,Immunofluorescence-Confocal,confocal,4/14/2015
LMEX0000000015,Immunofluorescence-Confocal,confocal,4/13/2015
LMEX0000000016,Immunofluorescence-Confocal,confocal,4/13/2015
LMEX0000000017,Immunofluorescence-Confocal,confocal,4/14/2015
LMEX0000000018,Immunofluorescence-Confocal,confocal,2/12/2015
LMEX0000000019,Immunofluorescence-Confocal,confocal,12/4/2014
LMEX0000000020,Immunofluorescence-Confocal,confocal,12/3/2014
LMEX0000000021,Immunofluorescence-Confocal,confocal,4/15/2015
LMEX0000000024,Immunofluorescence-Confocal,confocal,3/26/2015
LMEX0000000025,Immunofluorescence-Confocal,confocal,3/25/2015
LMEX0000000026,Immunofluorescence-Confocal,confocal,1/8/2015
LMEX0000000027,Immunofluorescence-Confocal,confocal,3/6/2015
LMEX0000000028,Immunofluorescence-Confocal,confocal,3/5/2015
LMEX0000000029,Immunofluorescence-Confocal,confocal,1/5/2015
LMEX0000000030,Immunofluorescence-Confocal,confocal,4/21/2015
LMEX0000000031,Immunofluorescence-Confocal,confocal,4/21/2015
LMEX0000000032,Immunofluorescence-Confocal,confocal,4/20/2015
LMEX0000000033,Immunofluorescence-Confocal,confocal,4/20/2015
LMEX0000000034,Immunofluorescence-Confocal,confocal,1/19/2015
LMEX0000000035,Immunofluorescence-Confocal,confocal,4/6/2015
LMEX0000000036,Immunofluorescence-Confocal,confocal,1/19/2015
LMEX0000000037,Immunofluorescence-Confocal,confocal,4/6/2015
LMEX0000000038,Immunofluorescence-Confocal,confocal,3/30/2015
LMEX0000000039,Immunofluorescence-Confocal,confocal,12/5/2014
LMEX0000000040,Immunofluorescence-Confocal,confocal,4/6/2015
LMEX0000000041,Immunofluorescence-Confocal,confocal,12/5/2014
LMEX0000000042,Immunofluorescence-Confocal,confocal,4/6/2015
LMEX0000000043,Immunofluorescence-Confocal,confocal,1/18/2015
LMEX0000000044,Immunofluorescence-Confocal,confocal,1/15/2015
LMEX0000000045,Immunofluorescence-Confocal,confocal,4/6/2015
LMEX0000000046,Immunofluorescence-Confocal,confocal,2/19/2015
LMEX0000000047,Immunofluorescence-Confocal,confocal,12/18/2014
LMEX0000000049,Immunofluorescence-Confocal,confocal,12/18/2014
LMEX0000000050,Immunofluorescence-Confocal,confocal,2/26/2015
LMEX0000000051,Immunofluorescence-Confocal,confocal,12/15/2014
LMEX0000000052,Immunofluorescence-Confocal,confocal,2/26/2015
LMEX0000000053,Immunofluorescence-Confocal,confocal,12/15/2014
LMEX0000000054,Immunofluorescence-Confocal,confocal,4/22/2015
LMEX0000000055,Immunofluorescence-Confocal,confocal,4/22/2015
LMEX0000000056,Immunofluorescence-Confocal,confocal,4/23/2015
LMEX0000000057,Immunofluorescence-Confocal,confocal,4/22/2015
LMEX0000000058,Immunofluorescence-Confocal,confocal,3/31/2015
LMEX0000000059,Immunofluorescence-Confocal,confocal,3/30/2015
LMEX0000000060,Immunofluorescence-Confocal,confocal,3/30/2015
LMEX0000000061,Immunofluorescence-Confocal,confocal,3/30/2015
LMEX0000000062,Immunofluorescence-Confocal,confocal,4/27/2015
LMEX0000000063,Immunofluorescence-Confocal,confocal,4/23/2015
LMEX0000000064,Immunofluorescence-Confocal,confocal,3/5/2015
LMEX0000000065,Immunofluorescence-Confocal,confocal,3/10/2015
LMEX0000000066,Immunofluorescence-Confocal,confocal,4/27/2015
LMEX0000000067,Immunofluorescence-Confocal,confocal,1/29/2015
LMEX0000000068,Immunofluorescence-Confocal,confocal,1/29/2015
LMEX0000000069,Immunofluorescence-Confocal,confocal,4/28/2015
LMEX0000000070,Immunofluorescence-Confocal,confocal,4/30/2015
LMEX0000000071,Immunofluorescence-Confocal,confocal,4/30/2015
LMEX0000000072,Immunofluorescence-Confocal,confocal,4/29/2015
LMEX0000000073,Immunofluorescence-Confocal,confocal,4/29/2015
LMEX0000000074,In situ hybridization,,4/23/2015
LMEX0000000076,In situ hybridization,,4/23/2015
LMEX0000000077,In situ hybridization,,4/23/2015
LMEX0000000081,In situ hybridization,,10/5/2015
LMEX0000000082,In situ hybridization,,10/5/2015
LMEX0000000083,In situ hybridization,,10/5/2015
LMEX0000000084,In situ hybridization,,10/5/2015
LMEX0000000085,In situ hybridization,,10/5/2015
LMEX0000000086,In situ hybridization,,10/5/2015
LMEX0000000075,In situ hybridization,,4/16/2015
LMEX0000000572,Immunofluorescence-Confocal,confocal,2/2/2016
LMEX0000000022,Immunofluorescence-Confocal,confocal,3/17/2015
LMEX0000000023,Immunofluorescence-Confocal,confocal,3/16/2015
LMEX0000000574,Immunofluorescence-Confocal,confocal,2/10/2016
LMEX0000000575,Immunofluorescence-Confocal,confocal,2/16/2016
LMEX0000000576,Immunofluorescence-Confocal,confocal,2/4/2016
LMEX0000000577,Immunofluorescence-Confocal,confocal,2/8/2016
LMEX0000000578,Immunofluorescence-Confocal,confocal,2/9/2016
LMEX0000000579,Immunofluorescence-Confocal,confocal,1/25/2016
LMEX0000000580,Immunofluorescence-Confocal,confocal,2/2/2016
LMEX0000000581,Immunofluorescence-Confocal,confocal,2/22/2016
LMEX0000000582,Immunofluorescence-Confocal,confocal,12/1/2015
LMEX0000000583,Immunofluorescence-Confocal,confocal,1/6/2105
LMEX0000000584,Immunofluorescence-Confocal,confocal,12/22/2105
LMEX0000000585,Immunofluorescence-Confocal,confocal,2/8/2016
LMEX0000000586,Immunofluorescence-Confocal,confocal,2/22/2016
LMEX0000000587,Immunofluorescence-Confocal,confocal,12/1/2015
LMEX0000000588,Immunofluorescence-Confocal,confocal,2/3/2016
LMEX0000000589,Immunofluorescence-Confocal,confocal,1/25/2016
LMEX0000000590,Immunofluorescence-Confocal,confocal,2/18/2016
LMEX0000000591,Immunofluorescence-Confocal,confocal,2/11/2016
LMEX0000000595,Immunofluorescence-Confocal,confocal,2/18/2016
LMEX0000000596,Immunofluorescence-Confocal,confocal,2/16/2016
LMEX0000000597,Immunofluorescence-Confocal,confocal,2/22/2016
LMEX0000000601,Immunofluorescence-Confocal,confocal,9/29/2015
LMEX0000000602,Immunofluorescence-Confocal,confocal,1/21/2016
LMEX0000000603,Immunofluorescence-Confocal,confocal,1/28/2016
LMEX0000000603,Immunofluorescence-Confocal,confocal,2/1/2016
LMEX0000000604,Immunofluorescence-Confocal,confocal,9/21/2015
LMEX0000000605,Immunofluorescence-Confocal,confocal,1/14/2016
LMEX0000000606,Immunofluorescence-Confocal,confocal,9/30/2015
LMEX0000000607,Immunofluorescence-Confocal,confocal,9/22/2015
LMEX0000000608,Immunofluorescence-Confocal,confocal,2/1/2016
LMEX0000000609,Immunofluorescence-Confocal,confocal,2/1/2016
LMEX0000000610,Immunofluorescence-Confocal,confocal,9/29/2015
LMEX0000000611,Immunofluorescence-Confocal,confocal,9/24/2015
LMEX0000000612,Immunofluorescence-Confocal,confocal,1/13/2016
LMEX0000000613,Histological stain,confocal,1/20/2016
LMEX0000000614,Histological stain,confocal,1/29/2016
LMEX0000000614,Histological stain,confocal,2/1/2016
LMEX0000000614,Histological stain,confocal,2/3/2016
LMEX0000000615,Histological stain,confocal,2/10/2016
LMEX0000000615,Histological stain,confocal,2/12/2016
LMEX0000000616,Histological stain,confocal,2/15/2016
LMEX0000000617,Histological stain,confocal,2/3/2016
LMEX0000000618,Histological stain,confocal,2/3/2016
LMEX0000000619,Histological stain,confocal,2/15/2016
LMEX0000000620,Histological stain,confocal,2/12/2016
LMEX0000000621,Histological stain,confocal,2/8/2016
LMEX0000000622,Histological stain,confocal,1/22/2016
LMEX0000000624,Histological stain,confocal,2/10/2016
LMEX0000000626,Histological stain,confocal,2/5/2016
LMEX0000000627,Histological stain,confocal,2/15/2016
LMEX0000000628,Histological stain,confocal,1/20/2016
LMEX0000000090,In situ hybridization,,8/13/2015
LMEX0000000091,In situ hybridization,,8/13/2015
LMEX0000000092,In situ hybridization,,8/13/2015
LMEX0000000093,In situ hybridization,,8/13/2015
LMEX0000000094,In situ hybridization,,8/13/2015
LMEX0000000095,In situ hybridization,,8/13/2015
LMEX0000000096,In situ hybridization,,8/13/2015
LMEX0000000097,In situ hybridization,,8/13/2015
LMEX0000000098,In situ hybridization,,8/13/2015
LMEX0000000099,In situ hybridization,,8/13/2015
LMEX0000000100,In situ hybridization,,8/13/2015
LMEX0000000101,In situ hybridization,,8/13/2015
LMEX0000000102,In situ hybridization,,8/13/2015
LMEX0000000103,In situ hybridization,,8/13/2015
LMEX0000000104,In situ hybridization,,8/13/2015
LMEX0000000105,In situ hybridization,,8/13/2015
LMEX0000000106,In situ hybridization,,8/13/2015
LMEX0000000107,In situ hybridization,,8/13/2015
LMEX0000000108,In situ hybridization,,8/13/2015
LMEX0000000109,In situ hybridization,,8/13/2015
LMEX0000000110,In situ hybridization,,8/13/2015
LMEX0000000111,In situ hybridization,,8/13/2015
LMEX0000000112,In situ hybridization,,8/13/2015
LMEX0000000113,In situ hybridization,,8/13/2015
LMEX0000000114,In situ hybridization,,8/13/2015
LMEX0000000115,In situ hybridization,,8/13/2015
LMEX0000000116,In situ hybridization,,8/13/2015
LMEX0000000117,In situ hybridization,,8/13/2015
LMEX0000000118,In situ hybridization,,8/13/2015
LMEX0000000119,In situ hybridization,,8/13/2015
LMEX0000000120,In situ hybridization,,8/13/2015
LMEX0000000121,In situ hybridization,,8/13/2015
LMEX0000000122,In situ hybridization,,8/13/2015
LMEX0000000123,In situ hybridization,,8/13/2015
LMEX0000000124,In situ hybridization,,8/13/2015
LMEX0000000125,In situ hybridization,,8/13/2015
LMEX0000000126,In situ hybridization,,8/13/2015
LMEX0000000127,In situ hybridization,,8/13/2015
LMEX0000000128,In situ hybridization,,8/13/2015
LMEX0000000129,In situ hybridization,,8/13/2015
LMEX0000000130,In situ hybridization,,8/13/2015
LMEX0000000131,In situ hybridization,,8/13/2015
LMEX0000000132,In situ hybridization,,8/13/2015
LMEX0000000133,In situ hybridization,,8/13/2015
LMEX0000000134,In situ hybridization,,8/13/2015
LMEX0000000135,In situ hybridization,,8/13/2015
LMEX0000000136,In situ hybridization,,8/13/2015
LMEX0000000137,In situ hybridization,,8/13/2015
LMEX0000000138,In situ hybridization,,8/13/2015
LMEX0000000139,In situ hybridization,,8/13/2015
LMEX0000000140,In situ hybridization,,8/13/2015
LMEX0000000141,In situ hybridization,,8/13/2015
LMEX0000000142,In situ hybridization,,8/13/2015
LMEX0000000143,In situ hybridization,,8/13/2015
LMEX0000000144,In situ hybridization,,8/13/2015
LMEX0000000145,In situ hybridization,,8/13/2015
LMEX0000000146,In situ hybridization,,8/13/2015
LMEX0000000147,In situ hybridization,,8/13/2015
LMEX0000000148,In situ hybridization,,8/13/2015
LMEX0000000149,In situ hybridization,,8/13/2015
LMEX0000000150,In situ hybridization,,8/13/2015
LMEX0000000151,In situ hybridization,,8/13/2015
LMEX0000000152,In situ hybridization,,8/13/2015
LMEX0000000153,In situ hybridization,,8/13/2015
LMEX0000000154,In situ hybridization,,8/13/2015
LMEX0000000155,In situ hybridization,,8/13/2015
LMEX0000000156,In situ hybridization,,8/13/2015
LMEX0000000157,In situ hybridization,,8/13/2015
LMEX0000000158,In situ hybridization,,8/13/2015
LMEX0000000159,In situ hybridization,,8/13/2015
LMEX0000000160,In situ hybridization,,8/13/2015
LMEX0000000161,In situ hybridization,,8/13/2015
LMEX0000000162,In situ hybridization,,8/13/2015
LMEX0000000163,In situ hybridization,,8/13/2015
LMEX0000000164,In situ hybridization,,8/13/2015
LMEX0000000165,In situ hybridization,,8/13/2015
LMEX0000000166,In situ hybridization,,8/13/2015
LMEX0000000167,In situ hybridization,,8/13/2015
LMEX0000000168,In situ hybridization,,8/13/2015
LMEX0000000169,In situ hybridization,,8/13/2015
LMEX0000000170,In situ hybridization,,8/13/2015
LMEX0000000171,In situ hybridization,,8/13/2015
LMEX0000000172,In situ hybridization,,8/13/2015
LMEX0000000173,In situ hybridization,,8/13/2015
LMEX0000000174,In situ hybridization,,8/13/2015
LMEX0000000175,In situ hybridization,,8/13/2015
LMEX0000000176,In situ hybridization,,8/13/2015
LMEX0000000177,In situ hybridization,,8/13/2015
LMEX0000000178,In situ hybridization,,8/13/2015
LMEX0000000179,In situ hybridization,,8/13/2015
LMEX0000000181,In situ hybridization,,8/13/2015
LMEX0000000182,In situ hybridization,,8/13/2015
LMEX0000000183,In situ hybridization,,8/13/2015
LMEX0000000184,In situ hybridization,,8/13/2015
LMEX0000000185,In situ hybridization,,8/13/2015
LMEX0000000186,In situ hybridization,,8/13/2015
LMEX0000000188,In situ hybridization,,8/13/2015
LMEX0000000189,In situ hybridization,,8/13/2015
LMEX0000000190,In situ hybridization,,8/13/2015
LMEX0000000191,In situ hybridization,,8/13/2015
LMEX0000000192,In situ hybridization,,8/13/2015
LMEX0000000193,In situ hybridization,,8/13/2015
LMEX0000000194,In situ hybridization,,8/13/2015
LMEX0000000195,In situ hybridization,,8/13/2015
LMEX0000000196,In situ hybridization,,8/13/2015
LMEX0000000197,In situ hybridization,,8/13/2015
LMEX0000000198,In situ hybridization,,8/13/2015
LMEX0000000199,In situ hybridization,,8/13/2015
LMEX0000000200,In situ hybridization,,8/13/2015
LMEX0000000201,In situ hybridization,,8/13/2015
LMEX0000000202,In situ hybridization,,8/13/2015
LMEX0000000203,In situ hybridization,,8/13/2015
LMEX0000000204,In situ hybridization,,8/13/2015
LMEX0000000205,In situ hybridization,,8/13/2015
LMEX0000000206,In situ hybridization,,8/13/2015
LMEX0000000207,In situ hybridization,,8/13/2015
LMEX0000000208,In situ hybridization,,8/13/2015
LMEX0000000209,In situ hybridization,,8/13/2015
LMEX0000000210,In situ hybridization,,8/13/2015
LMEX0000000211,In situ hybridization,,8/13/2015
LMEX0000000212,In situ hybridization,,8/13/2015
LMEX0000000213,In situ hybridization,,8/13/2015
LMEX0000000214,In situ hybridization,,8/13/2015
LMEX0000000215,In situ hybridization,,8/13/2015
LMEX0000000216,In situ hybridization,,8/13/2015
LMEX0000000217,In situ hybridization,,8/13/2015
LMEX0000000218,In situ hybridization,,8/13/2015
LMEX0000000219,In situ hybridization,,8/13/2015
LMEX0000000220,In situ hybridization,,8/13/2015
LMEX0000000221,In situ hybridization,,8/13/2015
LMEX0000000222,In situ hybridization,,8/13/2015
LMEX0000000223,In situ hybridization,,8/13/2015
LMEX0000000224,In situ hybridization,,8/13/2015
LMEX0000000225,In situ hybridization,,8/13/2015
LMEX0000000226,In situ hybridization,,8/13/2015
LMEX0000000683,Immunofluorescence-Confocal,confocal,3/17/2016
LMEX0000000187,In situ hybridization,,8/13/2015
LMEX0000000228,Immunofluorescence-Confocal,confocal,10/13/2015
LMEX0000000229,Immunofluorescence-Confocal,confocal,9/14/2015
LMEX0000000230,Immunofluorescence-Confocal,confocal,8/19/2015
LMEX0000000231,Immunofluorescence-Confocal,confocal,10/27/2015
LMEX0000000232,Immunofluorescence-Confocal,confocal,10/19/2015
LMEX0000000233,Immunofluorescence-Confocal,confocal,8/31/2015
LMEX0000000234,Immunofluorescence-Confocal,confocal,11/16/2015
LMEX0000000235,Immunofluorescence-Confocal,confocal,11/16/2015
LMEX0000000236,Immunofluorescence-Confocal,confocal,11/23/2015
LMEX0000000237,Immunofluorescence-Confocal,confocal,8/19/2015
LMEX0000000238,Immunofluorescence-Confocal,confocal,8/20/2015
LMEX0000000239,Immunofluorescence-Confocal,confocal,11/16/2015
LMEX0000000240,Immunofluorescence-Confocal,confocal,11/23/2015
LMEX0000000241,Immunofluorescence-Confocal,confocal,9/14/2015
LMEX0000000242,Immunofluorescence-Confocal,confocal,8/17/2015
LMEX0000000243,Immunofluorescence-Confocal,confocal,11/16/2015
LMEX0000000244,Immunofluorescence-Confocal,confocal,10/14/2015
LMEX0000000245,Immunofluorescence-Confocal,confocal,5/7/2015
LMEX0000000246,Immunofluorescence-Confocal,confocal,10/14/2015
LMEX0000000247,Immunofluorescence-Confocal,confocal,9/21/2015
LMEX0000000248,Immunofluorescence-Confocal,confocal,10/12/2015
LMEX0000000249,Immunofluorescence-Confocal,confocal,9/10/2015
LMEX0000000250,Immunofluorescence-Confocal,confocal,5/12/2015
LMEX0000000251,Immunofluorescence-Confocal,confocal,10/5/2015
LMEX0000000252,Immunofluorescence-Confocal,confocal,5/12/2015
LMEX0000000253,Immunofluorescence-Confocal,confocal,5/7/2015
LMEX0000000254,Immunofluorescence-Confocal,confocal,5/12/2015
LMEX0000000255,Immunofluorescence-Confocal,confocal,9/9/2015
LMEX0000000256,Immunofluorescence-Confocal,confocal,5/12/2015
LMEX0000000257,Immunofluorescence-Confocal,confocal,5/5/2015
LMEX0000000258,Immunofluorescence-Confocal,confocal,10/8/2015
LMEX0000000259,Immunofluorescence-Confocal,confocal,9/30/2015
LMEX0000000260,Immunofluorescence-Confocal,confocal,10/21/2015
LMEX0000000261,Immunofluorescence-Confocal,confocal,10/1/2015
LMEX0000000262,Immunofluorescence-Confocal,confocal,9/22/2015
LMEX0000000263,Immunofluorescence-Confocal,confocal,9/29/2015
LMEX0000000265,Immunofluorescence-Confocal,confocal,10/26/2015
LMEX0000000266,Immunofluorescence-Confocal,confocal,10/14/2015
LMEX0000000266,Immunofluorescence-Confocal,confocal,10/21/2015
LMEX0000000267,Immunofluorescence-Confocal,confocal,9/24/2015
LMEX0000000268,Immunofluorescence-Confocal,confocal,6/4/2015
LMEX0000000269,Immunofluorescence-Confocal,confocal,10/9/2015
LMEX0000000270,Immunofluorescence-Confocal,confocal,10/19/2015
LMEX0000000271,Histological stain,confocal,11/2/2015
LMEX0000000272,Histological stain,confocal,9/24/2015
LMEX0000000273,Histological stain,confocal,5/5/2015
LMEX0000000274,Histological stain,confocal,9/4/2015
LMEX0000000275,Histological stain,confocal,9/21/2015
LMEX0000000276,Histological stain,confocal,5/7/2015
LMEX0000000277,Histological stain,confocal,10/19/2015
LMEX0000000278,Histological stain,confocal,10/27/2015
LMEX0000000279,Histological stain,confocal,8/27/2015
LMEX0000000280,Histological stain,confocal,9/23/2015
LMEX0000000281,Histological stain,confocal,8/27/2015
LMEX0000000282,Histological stain,confocal,9/21/2015
LMEX0000000283,Histological stain,confocal,9/21/2015
LMEX0000000284,Histological stain,confocal,8/27/2015
LMEX0000000285,Histological stain,confocal,8/27/2015
LMEX0000000286,Histological stain,confocal,5/7/2015
LMEX0000000287,Histological stain,confocal,10/26/2015
LMEX0000000288,Histological stain,confocal,5/12/2015
LMEX0000000289,Histological stain,confocal,5/14/2015
LMEX0000000290,Histological stain,confocal,5/7/2015
LMEX0000000291,Histological stain,confocal,5/13/2015
LMEX0000000297,In situ hybridization,,8/13/2015
LMEX0000000298,In situ hybridization,,8/13/2015
LMEX0000000299,In situ hybridization,,8/13/2015
LMEX0000000300,In situ hybridization,,8/13/2015
LMEX0000000301,In situ hybridization,,8/13/2015
LMEX0000000302,In situ hybridization,,8/13/2015
LMEX0000000303,In situ hybridization,,8/13/2015
LMEX0000000304,In situ hybridization,,8/13/2015
LMEX0000000305,In situ hybridization,,8/13/2015
LMEX0000000306,In situ hybridization,,8/13/2015
LMEX0000000307,In situ hybridization,,8/13/2015
LMEX0000000308,In situ hybridization,,8/13/2015
LMEX0000000309,In situ hybridization,,8/13/2015
LMEX0000000310,In situ hybridization,,8/13/2015
LMEX0000000311,In situ hybridization,,8/13/2015
LMEX0000000312,In situ hybridization,,8/13/2015
LMEX0000000313,In situ hybridization,,8/13/2015
LMEX0000000314,In situ hybridization,,8/13/2015
LMEX0000000315,In situ hybridization,,8/13/2015
LMEX0000000316,In situ hybridization,,8/13/2015
LMEX0000000317,In situ hybridization,,8/13/2015
LMEX0000000318,In situ hybridization,,8/13/2015
LMEX0000000319,In situ hybridization,,8/13/2015
LMEX0000000320,In situ hybridization,,8/13/2015
LMEX0000000321,In situ hybridization,,8/13/2015
LMEX0000000322,In situ hybridization,,8/13/2015
LMEX0000000323,In situ hybridization,,8/13/2015
LMEX0000000324,In situ hybridization,,8/13/2015
LMEX0000000325,In situ hybridization,,8/13/2015
LMEX0000000326,In situ hybridization,,8/13/2015
LMEX0000000327,In situ hybridization,,8/13/2015
LMEX0000000328,In situ hybridization,,8/13/2015
LMEX0000000329,In situ hybridization,,8/13/2015
LMEX0000000330,In situ hybridization,,8/13/2015
LMEX0000000331,In situ hybridization,,8/13/2015
LMEX0000000332,In situ hybridization,,8/13/2015
LMEX0000000333,In situ hybridization,,8/13/2015
LMEX0000000334,In situ hybridization,,8/13/2015
LMEX0000000335,In situ hybridization,,8/13/2015
LMEX0000000336,In situ hybridization,,8/13/2015
LMEX0000000337,In situ hybridization,,8/13/2015
LMEX0000000338,In situ hybridization,,8/13/2015
LMEX0000000339,In situ hybridization,,8/13/2015
LMEX0000000340,In situ hybridization,,8/13/2015
LMEX0000000341,In situ hybridization,,8/13/2015
LMEX0000000342,In situ hybridization,,8/13/2015
LMEX0000000343,In situ hybridization,,8/13/2015
LMEX0000000344,In situ hybridization,,8/13/2015
LMEX0000000345,In situ hybridization,,8/13/2015
LMEX0000000346,In situ hybridization,,8/13/2015
LMEX0000000347,In situ hybridization,,8/13/2015
LMEX0000000348,In situ hybridization,,8/13/2015
LMEX0000000349,In situ hybridization,,8/13/2015
LMEX0000000350,In situ hybridization,,8/13/2015
LMEX0000000351,In situ hybridization,,8/13/2015
LMEX0000000352,In situ hybridization,,8/13/2015
LMEX0000000353,In situ hybridization,,8/13/2015
LMEX0000000354,In situ hybridization,,8/13/2015
LMEX0000000355,In situ hybridization,,8/13/2015
LMEX0000000356,In situ hybridization,,8/13/2015
LMEX0000000357,In situ hybridization,,8/13/2015
LMEX0000000358,In situ hybridization,,8/13/2015
LMEX0000000359,In situ hybridization,,8/13/2015
LMEX0000000360,In situ hybridization,,8/13/2015
LMEX0000000361,In situ hybridization,,8/13/2015
LMEX0000000362,In situ hybridization,,8/13/2015
LMEX0000000363,In situ hybridization,,8/13/2015
LMEX0000000364,In situ hybridization,,8/13/2015
LMEX0000000365,In situ hybridization,,8/13/2015
LMEX0000000366,In situ hybridization,,8/13/2015
LMEX0000000367,In situ hybridization,,8/13/2015
LMEX0000000368,In situ hybridization,,8/13/2015
LMEX0000000369,In situ hybridization,,8/13/2015
LMEX0000000370,In situ hybridization,,8/13/2015
LMEX0000000371,In situ hybridization,,8/13/2015
LMEX0000000372,In situ hybridization,,8/13/2015
LMEX0000000373,In situ hybridization,,8/13/2015
LMEX0000000374,In situ hybridization,,8/13/2015
LMEX0000000375,In situ hybridization,,8/13/2015
LMEX0000000376,In situ hybridization,,8/13/2015
LMEX0000000377,In situ hybridization,,8/13/2015
LMEX0000000378,In situ hybridization,,8/13/2015
LMEX0000000379,In situ hybridization,,8/13/2015
LMEX0000000380,In situ hybridization,,8/13/2015
LMEX0000000381,In situ hybridization,,8/13/2015
LMEX0000000382,In situ hybridization,,8/13/2015
LMEX0000000383,In situ hybridization,,8/13/2015
LMEX0000000384,In situ hybridization,,8/13/2015
LMEX0000000385,In situ hybridization,,8/13/2015
LMEX0000000386,In situ hybridization,,8/13/2015
LMEX0000000387,In situ hybridization,,8/13/2015
LMEX0000000388,In situ hybridization,,8/13/2015
LMEX0000000389,In situ hybridization,,8/13/2015
LMEX0000000390,In situ hybridization,,8/13/2015
LMEX0000000391,In situ hybridization,,8/13/2015
LMEX0000000392,In situ hybridization,,8/13/2015
LMEX0000000393,In situ hybridization,,8/13/2015
LMEX0000000394,In situ hybridization,,8/13/2015
LMEX0000000395,In situ hybridization,,8/13/2015
LMEX0000000396,In situ hybridization,,8/13/2015
LMEX0000000397,In situ hybridization,,8/13/2015
LMEX0000000398,In situ hybridization,,8/13/2015
LMEX0000000399,In situ hybridization,,8/13/2015
LMEX0000000400,In situ hybridization,,8/13/2015
LMEX0000000401,In situ hybridization,,8/13/2015
LMEX0000000402,In situ hybridization,,8/13/2015
LMEX0000000403,In situ hybridization,,8/13/2015
LMEX0000000404,In situ hybridization,,8/13/2015
LMEX0000000405,In situ hybridization,,8/13/2015
LMEX0000000406,In situ hybridization,,8/13/2015
LMEX0000000407,In situ hybridization,,8/13/2015
LMEX0000000408,In situ hybridization,,8/13/2015
LMEX0000000409,In situ hybridization,,8/13/2015
LMEX0000000410,In situ hybridization,,8/13/2015
LMEX0000000411,In situ hybridization,,8/13/2015
LMEX0000000412,In situ hybridization,,8/13/2015
LMEX0000000413,In situ hybridization,,8/13/2015
LMEX0000000414,In situ hybridization,,8/13/2015
LMEX0000000415,In situ hybridization,,8/13/2015
LMEX0000000416,In situ hybridization,,8/13/2015
LMEX0000000417,In situ hybridization,,8/13/2015
LMEX0000000418,In situ hybridization,,8/13/2015
LMEX0000000419,In situ hybridization,,8/13/2015
LMEX0000000420,In situ hybridization,,8/13/2015
LMEX0000000421,In situ hybridization,,8/13/2015
LMEX0000000422,In situ hybridization,,8/13/2015
LMEX0000000423,In situ hybridization,,8/13/2015
LMEX0000000424,In situ hybridization,,8/13/2015
LMEX0000000425,In situ hybridization,,8/13/2015
LMEX0000000426,In situ hybridization,,8/13/2015
LMEX0000000427,In situ hybridization,,8/13/2015
LMEX0000000428,In situ hybridization,,8/13/2015
LMEX0000000429,In situ hybridization,,8/13/2015
LMEX0000000430,In situ hybridization,,8/13/2015
LMEX0000000431,In situ hybridization,,8/13/2015
LMEX0000000432,In situ hybridization,,8/13/2015
LMEX0000000433,In situ hybridization,,8/13/2015
LMEX0000000434,In situ hybridization,,8/13/2015
LMEX0000000435,In situ hybridization,,8/13/2015
LMEX0000000436,In situ hybridization,,8/13/2015
LMEX0000000437,In situ hybridization,,8/13/2015
LMEX0000000438,In situ hybridization,,8/13/2015
LMEX0000000439,In situ hybridization,,8/13/2015
LMEX0000000440,In situ hybridization,,8/13/2015
LMEX0000000441,In situ hybridization,,8/13/2015
LMEX0000000442,In situ hybridization,,8/13/2015
LMEX0000000443,In situ hybridization,,8/13/2015
LMEX0000000444,In situ hybridization,,8/13/2015
LMEX0000000445,In situ hybridization,,8/13/2015
LMEX0000000446,In situ hybridization,,8/13/2015
LMEX0000000447,In situ hybridization,,8/13/2015
LMEX0000000448,In situ hybridization,,8/13/2015
LMEX0000000449,In situ hybridization,,8/13/2015
LMEX0000000450,In situ hybridization,,8/13/2015
LMEX0000000451,In situ hybridization,,8/13/2015
LMEX0000000452,In situ hybridization,,8/13/2015
LMEX0000000453,In situ hybridization,,8/13/2015
LMEX0000000454,In situ hybridization,,8/13/2015
LMEX0000000455,In situ hybridization,,8/13/2015
LMEX0000000456,In situ hybridization,,8/13/2015
LMEX0000000457,In situ hybridization,,8/13/2015
LMEX0000000458,In situ hybridization,,8/13/2015
LMEX0000000459,In situ hybridization,,8/13/2015
LMEX0000000460,In situ hybridization,,8/13/2015
LMEX0000000461,In situ hybridization,,8/13/2015
LMEX0000000462,In situ hybridization,,8/13/2015
LMEX0000000463,In situ hybridization,,8/13/2015
LMEX0000000464,In situ hybridization,,8/13/2015
LMEX0000000465,In situ hybridization,,8/13/2015
LMEX0000000466,In situ hybridization,,8/13/2015
LMEX0000000467,In situ hybridization,,8/13/2015
LMEX0000000468,In situ hybridization,,8/13/2015
LMEX0000000469,In situ hybridization,,8/13/2015
LMEX0000000470,In situ hybridization,,8/13/2015
LMEX0000000471,In situ hybridization,,8/13/2015
LMEX0000000472,In situ hybridization,,8/13/2015
LMEX0000000473,In situ hybridization,,8/13/2015
LMEX0000000474,In situ hybridization,,8/13/2015
LMEX0000000475,In situ hybridization,,8/13/2015
LMEX0000000476,In situ hybridization,,8/13/2015
LMEX0000000477,In situ hybridization,,8/13/2015
LMEX0000000478,In situ hybridization,,8/13/2015
LMEX0000000479,In situ hybridization,,8/13/2015
LMEX0000000480,In situ hybridization,,8/13/2015
LMEX0000000481,In situ hybridization,,8/13/2015
LMEX0000000482,In situ hybridization,,8/13/2015
LMEX0000000483,In situ hybridization,,8/13/2015
LMEX0000000484,In situ hybridization,,8/13/2015
LMEX0000000485,In situ hybridization,,8/13/2015
LMEX0000000486,In situ hybridization,,8/13/2015
LMEX0000000487,In situ hybridization,,8/13/2015
LMEX0000000488,In situ hybridization,,8/13/2015
LMEX0000000489,In situ hybridization,,8/13/2015
LMEX0000000490,In situ hybridization,,8/13/2015
LMEX0000000491,In situ hybridization,,8/13/2015
LMEX0000000492,In situ hybridization,,8/13/2015
LMEX0000000493,In situ hybridization,,8/13/2015
LMEX0000000494,In situ hybridization,,8/13/2015
LMEX0000000495,In situ hybridization,,8/13/2015
LMEX0000000496,In situ hybridization,,8/13/2015
LMEX0000000497,In situ hybridization,,8/13/2015
LMEX0000000498,In situ hybridization,,8/13/2015
LMEX0000000499,In situ hybridization,,8/13/2015
LMEX0000000500,In situ hybridization,,8/13/2015
LMEX0000000501,In situ hybridization,,8/13/2015
LMEX0000000502,In situ hybridization,,8/13/2015
LMEX0000000503,In situ hybridization,,8/13/2015
LMEX0000000504,In situ hybridization,,8/13/2015
LMEX0000000505,In situ hybridization,,8/13/2015
LMEX0000000506,In situ hybridization,,8/13/2015
LMEX0000000507,In situ hybridization,,8/13/2015
LMEX0000000508,In situ hybridization,,8/13/2015
LMEX0000000509,In situ hybridization,,8/13/2015
LMEX0000000510,In situ hybridization,,8/13/2015
LMEX0000000511,In situ hybridization,,8/13/2015
LMEX0000000512,In situ hybridization,,8/13/2015
LMEX0000000513,In situ hybridization,,8/13/2015
LMEX0000000514,In situ hybridization,,8/13/2015
LMEX0000000515,In situ hybridization,,8/13/2015
LMEX0000000516,In situ hybridization,,8/13/2015
LMEX0000000517,In situ hybridization,,8/13/2015
LMEX0000000518,In situ hybridization,,8/13/2015
LMEX0000000519,In situ hybridization,,8/13/2015
LMEX0000000520,In situ hybridization,,8/13/2015
LMEX0000000521,In situ hybridization,,8/13/2015
LMEX0000000522,In situ hybridization,,8/13/2015
LMEX0000000523,In situ hybridization,,8/13/2015
LMEX0000000524,In situ hybridization,,8/13/2015
LMEX0000000525,In situ hybridization,,8/13/2015
LMEX0000000526,In situ hybridization,,8/13/2015
LMEX0000000527,In situ hybridization,,8/13/2015
LMEX0000000528,In situ hybridization,,8/13/2015
LMEX0000000529,In situ hybridization,,8/13/2015
LMEX0000000530,In situ hybridization,,8/13/2015
LMEX0000000531,In situ hybridization,,8/13/2015
LMEX0000000532,In situ hybridization,,8/13/2015
LMEX0000000533,In situ hybridization,,8/13/2015
LMEX0000000534,In situ hybridization,,8/13/2015
LMEX0000000535,In situ hybridization,,8/13/2015
LMEX0000000677,In situ hybridization,,8/13/2015
LMEX0000000536,In situ hybridization,,8/13/2015
LMEX0000000537,In situ hybridization,,8/13/2015
LMEX0000000538,In situ hybridization,,8/13/2015
LMEX0000000539,In situ hybridization,,8/13/2015
LMEX0000000540,In situ hybridization,,8/13/2015
LMEX0000000541,In situ hybridization,,8/13/2015
LMEX0000000542,In situ hybridization,,8/13/2015
LMEX0000000543,In situ hybridization,,8/13/2015
LMEX0000000544,In situ hybridization,,8/13/2015
LMEX0000000545,In situ hybridization,,8/13/2015
LMEX0000000546,In situ hybridization,,8/13/2015
LMEX0000000547,In situ hybridization,,8/13/2015
LMEX0000000548,In situ hybridization,,8/13/2015
LMEX0000000549,In situ hybridization,,8/13/2015
LMEX0000000550,In situ hybridization,,8/13/2015
LMEX0000000551,In situ hybridization,,8/13/2015
LMEX0000000552,In situ hybridization,,8/13/2015
LMEX0000000553,In situ hybridization,,8/13/2015
LMEX0000000554,In situ hybridization,,8/13/2015
LMEX0000000555,In situ hybridization,,8/13/2015
LMEX0000000556,In situ hybridization,,8/13/2015
LMEX0000000557,In situ hybridization,,8/13/2015
LMEX0000000558,In situ hybridization,,8/13/2015
LMEX0000000559,In situ hybridization,,8/13/2015
LMEX0000000560,In situ hybridization,,8/13/2015
LMEX0000000561,In situ hybridization,,8/13/2015
LMEX0000000562,In situ hybridization,,8/13/2015
LMEX0000000563,In situ hybridization,,8/13/2015
LMEX0000000564,In situ hybridization,,8/13/2015
LMEX0000000565,In situ hybridization,,8/13/2015
LMEX0000000566,In situ hybridization,,8/13/2015
LMEX0000000567,In situ hybridization,,8/13/2015
LMEX0000000568,In situ hybridization,,8/13/2015
LMEX0000000569,In situ hybridization,,8/13/2015
LMEX0000000570,In situ hybridization,,8/13/2015
LMEX0000000685,Immunofluorescence-Confocal,confocal,3/17/2016
LMEX0000000686,Immunofluorescence-Confocal,confocal,3/17/2016
LMEX0000000687,Immunofluorescence-Confocal,confocal,3/17/2016
LMEX0000000688,Immunofluorescence-Confocal,confocal,3/17/2016
LMEX0000000689,Immunofluorescence-Confocal,confocal,3/17/2016
LMEX0000000690,Immunofluorescence-Confocal,confocal,3/17/2016
LMEX0000000691,Immunofluorescence-Confocal,confocal,3/17/2016
LMEX0000000692,Immunofluorescence-Confocal,confocal,3/17/2016
LMEX0000000693,Immunofluorescence-Confocal,confocal,3/17/2016
LMEX0000000694,Immunofluorescence-Confocal,confocal,3/17/2016
LMEX0000000695,Immunofluorescence-Confocal,confocal,3/17/2016
LMEX0000000641,In situ hybridization,,5/21/2015
LMEX0000000642,In situ hybridization,,6/22/2015
LMEX0000000643,In situ hybridization,,5/21/2015
LMEX0000000644,In situ hybridization,,5/15/2015
LMEX0000000645,In situ hybridization,,5/15/2015
LMEX0000000646,In situ hybridization,,12/3/2015
LMEX0000000647,In situ hybridization,,12/3/2015
LMEX0000000648,In situ hybridization,,12/10/2015
LMEX0000000649,In situ hybridization,,12/10/2015
LMEX0000000650,In situ hybridization,,1/4/2016
LMEX0000000651,In situ hybridization,,2/1/2016
LMEX0000000652,In situ hybridization,,2/1/2016
LMEX0000000653,In situ hybridization,,2/1/2016
LMEX0000000654,In situ hybridization,,2/1/2016
LMEX0000000655,In situ hybridization,,2/1/2016
LMEX0000000656,In situ hybridization,,2/1/2016
LMEX0000000657,In situ hybridization,,2/1/2016
LMEX0000000658,In situ hybridization,,2/1/2016
LMEX0000000659,In situ hybridization,,2/1/2016
LMEX0000000660,In situ hybridization,,12/3/2015
LMEX0000000675,Histological stain,confocal,4/8/2016
LMEX0000000676,Histological stain,confocal,4/8/2016
LMEX0000000180,Proteomics,,1/5/2016
LMEX0000000180,Proteomics,,10/5/2015
LMEX0000000293,RNA-seq,,4/8/2016
LMEX0000000861,Proteomics,,1/5/2016
LMEX0000000862,Lipidomics,,1/5/2016
LMEX0000000661,Proteomics,,5/4/2016
LMEX0000000227,NanoString expression array,,10/5/2015
LMEX0000000080,Single-cell RNA-seq (SCA),,10/5/2015
LMEX0000000292,Lipidomics,,10/5/2015
LMEX0000000078,Proteomics,,10/5/2015
LMEX0000000079,NanoString expression array,,10/5/2015
LMEX0000000684,RNA-seq,,1/5/2016
LMEX0000000295,RNA-seq,,02/23/2016
LMEX0000000294,RNA-seq,,02/23/2016
LMEX0000000662,VIBRA-SSIM,,12/4/2014
LMEX0000000663,VIBRA-SSIM,,5/17/2014
LMEX0000000664,Micro-CT (uCT),,6/30/2015
LMEX0000000665,Micro-CT (uCT),,12/21/2015
LMEX0000000666,Micro-CT (uCT),,1/14/2016
LMEX0000000667,Micro-CT (uCT),,1/27/2016
LMEX0000000668,Micro-CT (uCT),,1/20/2016
LMEX0000000670,Micro-CT (uCT),,10/24/2015
LMEX0000000001,Single-cell RNA-seq (SCA),,
